channel_links,
"https://www.youtube.com/channel/UC3gnV5Yt4crSTk1mHDejZVA",
"https://www.youtube.com/channel/UCIGDcUqL2kKMdJCpIr_dfxg",
"https://www.youtube.com/channel/UCIGDcUqL2kKMdJCpIr_dfxg",
"https://www.youtube.com/channel/UC42MBj8u0xX3a6Yb4APw1eg",
"https://www.youtube.com/channel/UCIGDcUqL2kKMdJCpIr_dfxg",
"https://www.youtube.com/c/OpeninApp",
"https://www.youtube.com/channel/UCjAN96n1KcKIKfeWPU2PCzQ",
"https://www.youtube.com/channel/UClOQrZIZQZojI3CmJ3jC2eg",
"https://www.youtube.com/channel/UCkrFKmxXrLs2_rFzD4XM5Sw",
"https://www.youtube.com/channel/UC3gnV5Yt4crSTk1mHDejZVA",
"https://www.youtube.com/channel/UCIGDcUqL2kKMdJCpIr_dfxg",
"https://www.youtube.com/channel/UCIGDcUqL2kKMdJCpIr_dfxg",
"https://www.youtube.com/channel/UC42MBj8u0xX3a6Yb4APw1eg",
"https://www.youtube.com/channel/UCIGDcUqL2kKMdJCpIr_dfxg",
"https://www.youtube.com/c/OpeninApp",
"https://www.youtube.com/channel/UCjAN96n1KcKIKfeWPU2PCzQ",
"https://www.youtube.com/channel/UClOQrZIZQZojI3CmJ3jC2eg",
"https://www.youtube.com/channel/UCkrFKmxXrLs2_rFzD4XM5Sw",
"https://www.youtube.com/channel/UC3gnV5Yt4crSTk1mHDejZVA",
"https://www.youtube.com/channel/UCIGDcUqL2kKMdJCpIr_dfxg",
"https://www.youtube.com/channel/UCIGDcUqL2kKMdJCpIr_dfxg",
"https://www.youtube.com/channel/UCIGDcUqL2kKMdJCpIr_dfxg",
"https://www.youtube.com/c/OpeninApp",
"https://www.youtube.com/channel/UCjAN96n1KcKIKfeWPU2PCzQ",
"https://www.youtube.com/channel/UClOQrZIZQZojI3CmJ3jC2eg",
"https://www.youtube.com/channel/UCSyhu4VGGxWhsqDxqnsG7vw",
"https://www.youtube.com/channel/UCkrFKmxXrLs2_rFzD4XM5Sw",
"https://www.youtube.com/channel/UC3gnV5Yt4crSTk1mHDejZVA",
"https://www.youtube.com/channel/UCIGDcUqL2kKMdJCpIr_dfxg",
"https://www.youtube.com/channel/UCIGDcUqL2kKMdJCpIr_dfxg",
"https://www.youtube.com/channel/UC42MBj8u0xX3a6Yb4APw1eg",
"https://www.youtube.com/channel/UCIGDcUqL2kKMdJCpIr_dfxg",
"https://www.youtube.com/c/OpeninApp",
"https://www.youtube.com/channel/UCjAN96n1KcKIKfeWPU2PCzQ",
"https://www.youtube.com/channel/UClOQrZIZQZojI3CmJ3jC2eg",
"https://www.youtube.com/channel/UCkrFKmxXrLs2_rFzD4XM5Sw",
"https://www.youtube.com/channel/UC3gnV5Yt4crSTk1mHDejZVA",
"https://www.youtube.com/channel/UCIGDcUqL2kKMdJCpIr_dfxg",
"https://www.youtube.com/channel/UCIGDcUqL2kKMdJCpIr_dfxg",
"https://www.youtube.com/channel/UC42MBj8u0xX3a6Yb4APw1eg",
"https://www.youtube.com/channel/UCIGDcUqL2kKMdJCpIr_dfxg",
"https://www.youtube.com/c/OpeninApp",
"https://www.youtube.com/channel/UCjAN96n1KcKIKfeWPU2PCzQ",
"https://www.youtube.com/channel/UClOQrZIZQZojI3CmJ3jC2eg",
"https://www.youtube.com/channel/UCkrFKmxXrLs2_rFzD4XM5Sw",
"https://www.youtube.com/channel/UC3gnV5Yt4crSTk1mHDejZVA",
"https://www.youtube.com/channel/UCIGDcUqL2kKMdJCpIr_dfxg",
"https://www.youtube.com/channel/UCIGDcUqL2kKMdJCpIr_dfxg",
"https://www.youtube.com/channel/UC42MBj8u0xX3a6Yb4APw1eg",
"https://www.youtube.com/channel/UCIGDcUqL2kKMdJCpIr_dfxg",
"https://www.youtube.com/c/OpeninApp",
"https://www.youtube.com/channel/UCjAN96n1KcKIKfeWPU2PCzQ",
"https://www.youtube.com/channel/UClOQrZIZQZojI3CmJ3jC2eg",
"https://www.youtube.com/channel/UCkrFKmxXrLs2_rFzD4XM5Sw",
"https://www.youtube.com/channel/UC3gnV5Yt4crSTk1mHDejZVA",
"https://www.youtube.com/channel/UCIGDcUqL2kKMdJCpIr_dfxg",
"https://www.youtube.com/channel/UCIGDcUqL2kKMdJCpIr_dfxg",
"https://www.youtube.com/channel/UC42MBj8u0xX3a6Yb4APw1eg",
"https://www.youtube.com/channel/UCIGDcUqL2kKMdJCpIr_dfxg",
"https://www.youtube.com/c/OpeninApp",
"https://www.youtube.com/channel/UCjAN96n1KcKIKfeWPU2PCzQ",
"https://www.youtube.com/channel/UClOQrZIZQZojI3CmJ3jC2eg",
"https://www.youtube.com/channel/UCkrFKmxXrLs2_rFzD4XM5Sw",
"https://www.youtube.com/channel/UC3gnV5Yt4crSTk1mHDejZVA",
"https://www.youtube.com/channel/UCIGDcUqL2kKMdJCpIr_dfxg",
"https://www.youtube.com/channel/UCIGDcUqL2kKMdJCpIr_dfxg",
"https://www.youtube.com/channel/UC42MBj8u0xX3a6Yb4APw1eg",
"https://www.youtube.com/channel/UCIGDcUqL2kKMdJCpIr_dfxg",
"https://www.youtube.com/c/OpeninApp",
"https://www.youtube.com/channel/UCjAN96n1KcKIKfeWPU2PCzQ",
"https://www.youtube.com/channel/UCkrFKmxXrLs2_rFzD4XM5Sw",
"https://www.youtube.com/channel/UClOQrZIZQZojI3CmJ3jC2eg",
"https://www.youtube.com/channel/UC3gnV5Yt4crSTk1mHDejZVA",
"https://www.youtube.com/channel/UCIGDcUqL2kKMdJCpIr_dfxg",
"https://www.youtube.com/channel/UCIGDcUqL2kKMdJCpIr_dfxg",
"https://www.youtube.com/channel/UC42MBj8u0xX3a6Yb4APw1eg",
"https://www.youtube.com/channel/UCIGDcUqL2kKMdJCpIr_dfxg",
"https://www.youtube.com/c/OpeninApp",
"https://www.youtube.com/channel/UCjAN96n1KcKIKfeWPU2PCzQ",
"https://www.youtube.com/channel/UClOQrZIZQZojI3CmJ3jC2eg",
"https://www.youtube.com/channel/UCkrFKmxXrLs2_rFzD4XM5Sw",
"https://www.youtube.com/channel/UC3gnV5Yt4crSTk1mHDejZVA",
"https://www.youtube.com/channel/UCIGDcUqL2kKMdJCpIr_dfxg",
"https://www.youtube.com/channel/UCIGDcUqL2kKMdJCpIr_dfxg",
"https://www.youtube.com/channel/UC42MBj8u0xX3a6Yb4APw1eg",
"https://www.youtube.com/channel/UCIGDcUqL2kKMdJCpIr_dfxg",
"https://www.youtube.com/c/OpeninApp",
"https://www.youtube.com/channel/UCjAN96n1KcKIKfeWPU2PCzQ",
"https://www.youtube.com/channel/UClOQrZIZQZojI3CmJ3jC2eg",
"https://www.youtube.com/channel/UCkrFKmxXrLs2_rFzD4XM5Sw",
"https://www.youtube.com/channel/UC3gnV5Yt4crSTk1mHDejZVA",
"https://www.youtube.com/channel/UCIGDcUqL2kKMdJCpIr_dfxg",
"https://www.youtube.com/channel/UCIGDcUqL2kKMdJCpIr_dfxg",
"https://www.youtube.com/channel/UC42MBj8u0xX3a6Yb4APw1eg",
"https://www.youtube.com/channel/UCIGDcUqL2kKMdJCpIr_dfxg",
"https://www.youtube.com/c/OpeninApp",
"https://www.youtube.com/channel/UCjAN96n1KcKIKfeWPU2PCzQ",
"https://www.youtube.com/channel/UClOQrZIZQZojI3CmJ3jC2eg",
"https://www.youtube.com/channel/UCkrFKmxXrLs2_rFzD4XM5Sw",
"https://www.youtube.com/channel/UCjAN96n1KcKIKfeWPU2PCzQ",
"https://www.youtube.com/c/OpeninApp",
"https://www.youtube.com/channel/UC3gnV5Yt4crSTk1mHDejZVA",
"https://www.youtube.com/channel/UCIGDcUqL2kKMdJCpIr_dfxg",
"https://www.youtube.com/channel/UCIGDcUqL2kKMdJCpIr_dfxg",
"https://www.youtube.com/channel/UC42MBj8u0xX3a6Yb4APw1eg",
"https://www.youtube.com/channel/UCIGDcUqL2kKMdJCpIr_dfxg",
"https://www.youtube.com/channel/UCkrFKmxXrLs2_rFzD4XM5Sw",
"https://www.youtube.com/channel/UClOQrZIZQZojI3CmJ3jC2eg",
"https://www.youtube.com/channel/UC3gnV5Yt4crSTk1mHDejZVA",
"https://www.youtube.com/channel/UCIGDcUqL2kKMdJCpIr_dfxg",
"https://www.youtube.com/channel/UCIGDcUqL2kKMdJCpIr_dfxg",
"https://www.youtube.com/channel/UC42MBj8u0xX3a6Yb4APw1eg",
"https://www.youtube.com/channel/UCIGDcUqL2kKMdJCpIr_dfxg",
"https://www.youtube.com/c/OpeninApp",
"https://www.youtube.com/channel/UCjAN96n1KcKIKfeWPU2PCzQ",
"https://www.youtube.com/channel/UClOQrZIZQZojI3CmJ3jC2eg",
"https://www.youtube.com/channel/UCkrFKmxXrLs2_rFzD4XM5Sw",
"https://www.youtube.com/channel/UC3gnV5Yt4crSTk1mHDejZVA",
"https://www.youtube.com/channel/UCIGDcUqL2kKMdJCpIr_dfxg",
"https://www.youtube.com/channel/UCIGDcUqL2kKMdJCpIr_dfxg",
"https://www.youtube.com/channel/UC42MBj8u0xX3a6Yb4APw1eg",
"https://www.youtube.com/channel/UCIGDcUqL2kKMdJCpIr_dfxg",
"https://www.youtube.com/c/OpeninApp",
"https://www.youtube.com/channel/UCjAN96n1KcKIKfeWPU2PCzQ",
"https://www.youtube.com/channel/UCkrFKmxXrLs2_rFzD4XM5Sw",
"https://www.youtube.com/channel/UClOQrZIZQZojI3CmJ3jC2eg",
"https://www.youtube.com/channel/UC3gnV5Yt4crSTk1mHDejZVA",
"https://www.youtube.com/channel/UCIGDcUqL2kKMdJCpIr_dfxg",
"https://www.youtube.com/channel/UCIGDcUqL2kKMdJCpIr_dfxg",
"https://www.youtube.com/channel/UC42MBj8u0xX3a6Yb4APw1eg",
"https://www.youtube.com/channel/UCIGDcUqL2kKMdJCpIr_dfxg",
"https://www.youtube.com/c/OpeninApp",
"https://www.youtube.com/channel/UCjAN96n1KcKIKfeWPU2PCzQ",
"https://www.youtube.com/channel/UClOQrZIZQZojI3CmJ3jC2eg",
"https://www.youtube.com/channel/UCkrFKmxXrLs2_rFzD4XM5Sw",
"https://www.youtube.com/channel/UC3gnV5Yt4crSTk1mHDejZVA",
"https://www.youtube.com/channel/UCIGDcUqL2kKMdJCpIr_dfxg",
"https://www.youtube.com/channel/UCIGDcUqL2kKMdJCpIr_dfxg",
"https://www.youtube.com/channel/UC42MBj8u0xX3a6Yb4APw1eg",
"https://www.youtube.com/channel/UCIGDcUqL2kKMdJCpIr_dfxg",
"https://www.youtube.com/c/OpeninApp",
"https://www.youtube.com/channel/UCjAN96n1KcKIKfeWPU2PCzQ",
"https://www.youtube.com/channel/UClOQrZIZQZojI3CmJ3jC2eg",
"https://www.youtube.com/channel/UCkrFKmxXrLs2_rFzD4XM5Sw",
"https://www.youtube.com/channel/UC3gnV5Yt4crSTk1mHDejZVA",
"https://www.youtube.com/channel/UCIGDcUqL2kKMdJCpIr_dfxg",
"https://www.youtube.com/channel/UCIGDcUqL2kKMdJCpIr_dfxg",
"https://www.youtube.com/channel/UC42MBj8u0xX3a6Yb4APw1eg",
"https://www.youtube.com/channel/UCIGDcUqL2kKMdJCpIr_dfxg",
"https://www.youtube.com/c/OpeninApp",
"https://www.youtube.com/channel/UCjAN96n1KcKIKfeWPU2PCzQ",
"https://www.youtube.com/channel/UClOQrZIZQZojI3CmJ3jC2eg",
"https://www.youtube.com/channel/UCkrFKmxXrLs2_rFzD4XM5Sw",
"https://www.youtube.com/c/OpeninApp",
"https://www.youtube.com/channel/UC3gnV5Yt4crSTk1mHDejZVA",
"https://www.youtube.com/channel/UCjAN96n1KcKIKfeWPU2PCzQ",
"https://www.youtube.com/channel/UClOQrZIZQZojI3CmJ3jC2eg",
"https://www.youtube.com/channel/UCIGDcUqL2kKMdJCpIr_dfxg",
"https://www.youtube.com/channel/UCIGDcUqL2kKMdJCpIr_dfxg",
"https://www.youtube.com/channel/UC42MBj8u0xX3a6Yb4APw1eg",
"https://www.youtube.com/channel/UCIGDcUqL2kKMdJCpIr_dfxg",
"https://www.youtube.com/channel/UCkrFKmxXrLs2_rFzD4XM5Sw",
"https://www.youtube.com/channel/UC3gnV5Yt4crSTk1mHDejZVA",
"https://www.youtube.com/channel/UCIGDcUqL2kKMdJCpIr_dfxg",
"https://www.youtube.com/channel/UCIGDcUqL2kKMdJCpIr_dfxg",
"https://www.youtube.com/channel/UC42MBj8u0xX3a6Yb4APw1eg",
"https://www.youtube.com/channel/UCIGDcUqL2kKMdJCpIr_dfxg",
"https://www.youtube.com/c/OpeninApp",
"https://www.youtube.com/channel/UCjAN96n1KcKIKfeWPU2PCzQ",
"https://www.youtube.com/channel/UClOQrZIZQZojI3CmJ3jC2eg",
"https://www.youtube.com/channel/UCkrFKmxXrLs2_rFzD4XM5Sw",
"https://www.youtube.com/channel/UC3gnV5Yt4crSTk1mHDejZVA",
"https://www.youtube.com/channel/UCIGDcUqL2kKMdJCpIr_dfxg",
"https://www.youtube.com/channel/UCIGDcUqL2kKMdJCpIr_dfxg",
"https://www.youtube.com/channel/UC42MBj8u0xX3a6Yb4APw1eg",
"https://www.youtube.com/channel/UCIGDcUqL2kKMdJCpIr_dfxg",
"https://www.youtube.com/c/OpeninApp",
"https://www.youtube.com/channel/UCjAN96n1KcKIKfeWPU2PCzQ",
"https://www.youtube.com/channel/UClOQrZIZQZojI3CmJ3jC2eg",
"https://www.youtube.com/channel/UCkrFKmxXrLs2_rFzD4XM5Sw",
"https://www.youtube.com/channel/UC3gnV5Yt4crSTk1mHDejZVA",
"https://www.youtube.com/channel/UCIGDcUqL2kKMdJCpIr_dfxg",
"https://www.youtube.com/channel/UCIGDcUqL2kKMdJCpIr_dfxg",
"https://www.youtube.com/channel/UC42MBj8u0xX3a6Yb4APw1eg",
"https://www.youtube.com/channel/UCIGDcUqL2kKMdJCpIr_dfxg",
"https://www.youtube.com/c/OpeninApp",
"https://www.youtube.com/channel/UCjAN96n1KcKIKfeWPU2PCzQ",
"https://www.youtube.com/channel/UClOQrZIZQZojI3CmJ3jC2eg",
"https://www.youtube.com/channel/UCkrFKmxXrLs2_rFzD4XM5Sw",
"https://www.youtube.com/channel/UC3gnV5Yt4crSTk1mHDejZVA",
"https://www.youtube.com/channel/UCIGDcUqL2kKMdJCpIr_dfxg",
"https://www.youtube.com/channel/UCIGDcUqL2kKMdJCpIr_dfxg",
"https://www.youtube.com/channel/UC42MBj8u0xX3a6Yb4APw1eg",
"https://www.youtube.com/channel/UCIGDcUqL2kKMdJCpIr_dfxg",
"https://www.youtube.com/c/OpeninApp",
"https://www.youtube.com/channel/UCjAN96n1KcKIKfeWPU2PCzQ",
"https://www.youtube.com/channel/UClOQrZIZQZojI3CmJ3jC2eg",
"https://www.youtube.com/channel/UCkrFKmxXrLs2_rFzD4XM5Sw",
"https://www.youtube.com/channel/UC3gnV5Yt4crSTk1mHDejZVA",
"https://www.youtube.com/channel/UCIGDcUqL2kKMdJCpIr_dfxg",
"https://www.youtube.com/channel/UCIGDcUqL2kKMdJCpIr_dfxg",
"https://www.youtube.com/channel/UC42MBj8u0xX3a6Yb4APw1eg",
"https://www.youtube.com/channel/UCIGDcUqL2kKMdJCpIr_dfxg",
"https://www.youtube.com/c/OpeninApp",
"https://www.youtube.com/channel/UCjAN96n1KcKIKfeWPU2PCzQ",
"https://www.youtube.com/channel/UClOQrZIZQZojI3CmJ3jC2eg",
"https://www.youtube.com/channel/UCkrFKmxXrLs2_rFzD4XM5Sw",
"https://www.youtube.com/channel/UC3gnV5Yt4crSTk1mHDejZVA",
"https://www.youtube.com/channel/UCIGDcUqL2kKMdJCpIr_dfxg",
"https://www.youtube.com/channel/UCIGDcUqL2kKMdJCpIr_dfxg",
"https://www.youtube.com/channel/UC42MBj8u0xX3a6Yb4APw1eg",
"https://www.youtube.com/channel/UCIGDcUqL2kKMdJCpIr_dfxg",
"https://www.youtube.com/c/OpeninApp",
"https://www.youtube.com/channel/UCjAN96n1KcKIKfeWPU2PCzQ",
"https://www.youtube.com/channel/UClOQrZIZQZojI3CmJ3jC2eg",
"https://www.youtube.com/channel/UCkrFKmxXrLs2_rFzD4XM5Sw",
"https://www.youtube.com/c/OpeninApp",
"https://www.youtube.com/channel/UCjAN96n1KcKIKfeWPU2PCzQ",
"https://www.youtube.com/channel/UC3gnV5Yt4crSTk1mHDejZVA",
"https://www.youtube.com/channel/UCIGDcUqL2kKMdJCpIr_dfxg",
"https://www.youtube.com/channel/UCIGDcUqL2kKMdJCpIr_dfxg",
"https://www.youtube.com/channel/UC42MBj8u0xX3a6Yb4APw1eg",
"https://www.youtube.com/channel/UCIGDcUqL2kKMdJCpIr_dfxg",
"https://www.youtube.com/channel/UCkrFKmxXrLs2_rFzD4XM5Sw",
"https://www.youtube.com/channel/UClOQrZIZQZojI3CmJ3jC2eg",
"https://www.youtube.com/channel/UC3gnV5Yt4crSTk1mHDejZVA",
"https://www.youtube.com/channel/UCIGDcUqL2kKMdJCpIr_dfxg",
"https://www.youtube.com/channel/UCIGDcUqL2kKMdJCpIr_dfxg",
"https://www.youtube.com/channel/UC42MBj8u0xX3a6Yb4APw1eg",
"https://www.youtube.com/channel/UCIGDcUqL2kKMdJCpIr_dfxg",
"https://www.youtube.com/c/OpeninApp",
"https://www.youtube.com/channel/UCjAN96n1KcKIKfeWPU2PCzQ",
"https://www.youtube.com/channel/UClOQrZIZQZojI3CmJ3jC2eg",
"https://www.youtube.com/channel/UCkrFKmxXrLs2_rFzD4XM5Sw",
"https://www.youtube.com/channel/UC3gnV5Yt4crSTk1mHDejZVA",
"https://www.youtube.com/channel/UCIGDcUqL2kKMdJCpIr_dfxg",
"https://www.youtube.com/channel/UCIGDcUqL2kKMdJCpIr_dfxg",
"https://www.youtube.com/channel/UC42MBj8u0xX3a6Yb4APw1eg",
"https://www.youtube.com/channel/UCIGDcUqL2kKMdJCpIr_dfxg",
"https://www.youtube.com/c/OpeninApp",
"https://www.youtube.com/channel/UCjAN96n1KcKIKfeWPU2PCzQ",
"https://www.youtube.com/channel/UClOQrZIZQZojI3CmJ3jC2eg",
"https://www.youtube.com/channel/UCkrFKmxXrLs2_rFzD4XM5Sw",
"https://www.youtube.com/channel/UC3gnV5Yt4crSTk1mHDejZVA",
"https://www.youtube.com/channel/UCIGDcUqL2kKMdJCpIr_dfxg",
"https://www.youtube.com/channel/UCIGDcUqL2kKMdJCpIr_dfxg",
"https://www.youtube.com/channel/UCIGDcUqL2kKMdJCpIr_dfxg",
"https://www.youtube.com/channel/UC42MBj8u0xX3a6Yb4APw1eg",
"https://www.youtube.com/c/OpeninApp",
"https://www.youtube.com/channel/UCjAN96n1KcKIKfeWPU2PCzQ",
"https://www.youtube.com/channel/UClOQrZIZQZojI3CmJ3jC2eg",
"https://www.youtube.com/channel/UCkrFKmxXrLs2_rFzD4XM5Sw",
"https://www.youtube.com/channel/UC3gnV5Yt4crSTk1mHDejZVA",
"https://www.youtube.com/channel/UCIGDcUqL2kKMdJCpIr_dfxg",
"https://www.youtube.com/channel/UC42MBj8u0xX3a6Yb4APw1eg",
"https://www.youtube.com/channel/UCIGDcUqL2kKMdJCpIr_dfxg",
"https://www.youtube.com/channel/UCIGDcUqL2kKMdJCpIr_dfxg",
"https://www.youtube.com/c/OpeninApp",
"https://www.youtube.com/channel/UCjAN96n1KcKIKfeWPU2PCzQ",
"https://www.youtube.com/channel/UClOQrZIZQZojI3CmJ3jC2eg",
"https://www.youtube.com/channel/UCkrFKmxXrLs2_rFzD4XM5Sw",
"https://www.youtube.com/channel/UC3gnV5Yt4crSTk1mHDejZVA",
"https://www.youtube.com/channel/UCIGDcUqL2kKMdJCpIr_dfxg",
"https://www.youtube.com/channel/UCIGDcUqL2kKMdJCpIr_dfxg",
"https://www.youtube.com/channel/UC42MBj8u0xX3a6Yb4APw1eg",
"https://www.youtube.com/channel/UCIGDcUqL2kKMdJCpIr_dfxg",
"https://www.youtube.com/c/OpeninApp",
"https://www.youtube.com/channel/UCjAN96n1KcKIKfeWPU2PCzQ",
"https://www.youtube.com/channel/UCkrFKmxXrLs2_rFzD4XM5Sw",
"https://www.youtube.com/channel/UClOQrZIZQZojI3CmJ3jC2eg",
"https://www.youtube.com/channel/UC3gnV5Yt4crSTk1mHDejZVA",
"https://www.youtube.com/channel/UCIGDcUqL2kKMdJCpIr_dfxg",
"https://www.youtube.com/channel/UCIGDcUqL2kKMdJCpIr_dfxg",
"https://www.youtube.com/channel/UC42MBj8u0xX3a6Yb4APw1eg",
"https://www.youtube.com/channel/UCIGDcUqL2kKMdJCpIr_dfxg",
"https://www.youtube.com/c/OpeninApp",
"https://www.youtube.com/channel/UCjAN96n1KcKIKfeWPU2PCzQ",
"https://www.youtube.com/channel/UClOQrZIZQZojI3CmJ3jC2eg",
"https://www.youtube.com/channel/UCkrFKmxXrLs2_rFzD4XM5Sw",
"https://www.youtube.com/channel/UC3gnV5Yt4crSTk1mHDejZVA",
"https://www.youtube.com/channel/UCIGDcUqL2kKMdJCpIr_dfxg",
"https://www.youtube.com/channel/UCIGDcUqL2kKMdJCpIr_dfxg",
"https://www.youtube.com/channel/UCIGDcUqL2kKMdJCpIr_dfxg",
"https://www.youtube.com/channel/UC42MBj8u0xX3a6Yb4APw1eg",
"https://www.youtube.com/c/OpeninApp",
"https://www.youtube.com/channel/UCjAN96n1KcKIKfeWPU2PCzQ",
"https://www.youtube.com/channel/UClOQrZIZQZojI3CmJ3jC2eg",
"https://www.youtube.com/channel/UCkrFKmxXrLs2_rFzD4XM5Sw",
"https://www.youtube.com/channel/UC3gnV5Yt4crSTk1mHDejZVA",
"https://www.youtube.com/channel/UCIGDcUqL2kKMdJCpIr_dfxg",
"https://www.youtube.com/channel/UCIGDcUqL2kKMdJCpIr_dfxg",
"https://www.youtube.com/channel/UC42MBj8u0xX3a6Yb4APw1eg",
"https://www.youtube.com/channel/UCIGDcUqL2kKMdJCpIr_dfxg",
"https://www.youtube.com/c/OpeninApp",
"https://www.youtube.com/channel/UCjAN96n1KcKIKfeWPU2PCzQ",
"https://www.youtube.com/channel/UClOQrZIZQZojI3CmJ3jC2eg",
"https://www.youtube.com/channel/UCkrFKmxXrLs2_rFzD4XM5Sw",
"https://www.youtube.com/channel/UC3gnV5Yt4crSTk1mHDejZVA",
"https://www.youtube.com/channel/UCIGDcUqL2kKMdJCpIr_dfxg",
"https://www.youtube.com/channel/UCIGDcUqL2kKMdJCpIr_dfxg",
"https://www.youtube.com/channel/UC42MBj8u0xX3a6Yb4APw1eg",
"https://www.youtube.com/channel/UCIGDcUqL2kKMdJCpIr_dfxg",
"https://www.youtube.com/c/OpeninApp",
"https://www.youtube.com/channel/UCjAN96n1KcKIKfeWPU2PCzQ",
"https://www.youtube.com/channel/UClOQrZIZQZojI3CmJ3jC2eg",
"https://www.youtube.com/channel/UCkrFKmxXrLs2_rFzD4XM5Sw",
"https://www.youtube.com/channel/UC3gnV5Yt4crSTk1mHDejZVA",
"https://www.youtube.com/channel/UCIGDcUqL2kKMdJCpIr_dfxg",
"https://www.youtube.com/channel/UCIGDcUqL2kKMdJCpIr_dfxg",
"https://www.youtube.com/channel/UC42MBj8u0xX3a6Yb4APw1eg",
"https://www.youtube.com/channel/UCIGDcUqL2kKMdJCpIr_dfxg",
"https://www.youtube.com/c/OpeninApp",
"https://www.youtube.com/channel/UCjAN96n1KcKIKfeWPU2PCzQ",
"https://www.youtube.com/channel/UClOQrZIZQZojI3CmJ3jC2eg",
"https://www.youtube.com/channel/UCkrFKmxXrLs2_rFzD4XM5Sw",
"https://www.youtube.com/channel/UC3gnV5Yt4crSTk1mHDejZVA",
"https://www.youtube.com/channel/UCIGDcUqL2kKMdJCpIr_dfxg",
"https://www.youtube.com/channel/UCIGDcUqL2kKMdJCpIr_dfxg",
"https://www.youtube.com/channel/UC42MBj8u0xX3a6Yb4APw1eg",
"https://www.youtube.com/channel/UCIGDcUqL2kKMdJCpIr_dfxg",
"https://www.youtube.com/c/OpeninApp",
"https://www.youtube.com/channel/UCjAN96n1KcKIKfeWPU2PCzQ",
"https://www.youtube.com/channel/UClOQrZIZQZojI3CmJ3jC2eg",
"https://www.youtube.com/channel/UCkrFKmxXrLs2_rFzD4XM5Sw",
"https://www.youtube.com/channel/UC3gnV5Yt4crSTk1mHDejZVA",
"https://www.youtube.com/channel/UCIGDcUqL2kKMdJCpIr_dfxg",
"https://www.youtube.com/channel/UCIGDcUqL2kKMdJCpIr_dfxg",
"https://www.youtube.com/channel/UC42MBj8u0xX3a6Yb4APw1eg",
"https://www.youtube.com/channel/UCIGDcUqL2kKMdJCpIr_dfxg",
"https://www.youtube.com/c/OpeninApp",
"https://www.youtube.com/channel/UCjAN96n1KcKIKfeWPU2PCzQ",
"https://www.youtube.com/channel/UCkrFKmxXrLs2_rFzD4XM5Sw",
"https://www.youtube.com/channel/UClOQrZIZQZojI3CmJ3jC2eg",
"https://www.youtube.com/channel/UC3gnV5Yt4crSTk1mHDejZVA",
"https://www.youtube.com/channel/UCIGDcUqL2kKMdJCpIr_dfxg",
"https://www.youtube.com/channel/UCIGDcUqL2kKMdJCpIr_dfxg",
"https://www.youtube.com/channel/UC42MBj8u0xX3a6Yb4APw1eg",
"https://www.youtube.com/channel/UCIGDcUqL2kKMdJCpIr_dfxg",
"https://www.youtube.com/c/OpeninApp",
"https://www.youtube.com/channel/UCjAN96n1KcKIKfeWPU2PCzQ",
"https://www.youtube.com/channel/UClOQrZIZQZojI3CmJ3jC2eg",
"https://www.youtube.com/channel/UCkrFKmxXrLs2_rFzD4XM5Sw",
"https://www.youtube.com/channel/UC3gnV5Yt4crSTk1mHDejZVA",
"https://www.youtube.com/channel/UCIGDcUqL2kKMdJCpIr_dfxg",
"https://www.youtube.com/channel/UCIGDcUqL2kKMdJCpIr_dfxg",
"https://www.youtube.com/channel/UC42MBj8u0xX3a6Yb4APw1eg",
"https://www.youtube.com/channel/UCIGDcUqL2kKMdJCpIr_dfxg",
"https://www.youtube.com/c/OpeninApp",
"https://www.youtube.com/channel/UCjAN96n1KcKIKfeWPU2PCzQ",
"https://www.youtube.com/channel/UClOQrZIZQZojI3CmJ3jC2eg",
"https://www.youtube.com/channel/UCkrFKmxXrLs2_rFzD4XM5Sw",
"https://www.youtube.com/channel/UC3gnV5Yt4crSTk1mHDejZVA",
"https://www.youtube.com/channel/UCIGDcUqL2kKMdJCpIr_dfxg",
"https://www.youtube.com/channel/UCIGDcUqL2kKMdJCpIr_dfxg",
"https://www.youtube.com/channel/UC42MBj8u0xX3a6Yb4APw1eg",
"https://www.youtube.com/channel/UCIGDcUqL2kKMdJCpIr_dfxg",
"https://www.youtube.com/c/OpeninApp",
"https://www.youtube.com/channel/UCjAN96n1KcKIKfeWPU2PCzQ",
"https://www.youtube.com/channel/UClOQrZIZQZojI3CmJ3jC2eg",
"https://www.youtube.com/channel/UCkrFKmxXrLs2_rFzD4XM5Sw",
"https://www.youtube.com/channel/UC3gnV5Yt4crSTk1mHDejZVA",
"https://www.youtube.com/channel/UCIGDcUqL2kKMdJCpIr_dfxg",
"https://www.youtube.com/channel/UCIGDcUqL2kKMdJCpIr_dfxg",
"https://www.youtube.com/channel/UC42MBj8u0xX3a6Yb4APw1eg",
"https://www.youtube.com/channel/UCIGDcUqL2kKMdJCpIr_dfxg",
"https://www.youtube.com/c/OpeninApp",
"https://www.youtube.com/channel/UCjAN96n1KcKIKfeWPU2PCzQ",
"https://www.youtube.com/channel/UClOQrZIZQZojI3CmJ3jC2eg",
"https://www.youtube.com/channel/UCkrFKmxXrLs2_rFzD4XM5Sw",
"https://www.youtube.com/c/OpeninApp",
"https://www.youtube.com/channel/UCjAN96n1KcKIKfeWPU2PCzQ",
"https://www.youtube.com/channel/UC3gnV5Yt4crSTk1mHDejZVA",
"https://www.youtube.com/channel/UCIGDcUqL2kKMdJCpIr_dfxg",
"https://www.youtube.com/channel/UCIGDcUqL2kKMdJCpIr_dfxg",
"https://www.youtube.com/channel/UC42MBj8u0xX3a6Yb4APw1eg",
"https://www.youtube.com/channel/UCIGDcUqL2kKMdJCpIr_dfxg",
"https://www.youtube.com/channel/UClOQrZIZQZojI3CmJ3jC2eg",
"https://www.youtube.com/channel/UCkrFKmxXrLs2_rFzD4XM5Sw",
"https://www.youtube.com/channel/UC3gnV5Yt4crSTk1mHDejZVA",
"https://www.youtube.com/channel/UCIGDcUqL2kKMdJCpIr_dfxg",
"https://www.youtube.com/channel/UCIGDcUqL2kKMdJCpIr_dfxg",
"https://www.youtube.com/channel/UC42MBj8u0xX3a6Yb4APw1eg",
"https://www.youtube.com/channel/UCIGDcUqL2kKMdJCpIr_dfxg",
"https://www.youtube.com/c/OpeninApp",
"https://www.youtube.com/channel/UCjAN96n1KcKIKfeWPU2PCzQ",
"https://www.youtube.com/channel/UClOQrZIZQZojI3CmJ3jC2eg",
"https://www.youtube.com/channel/UCkrFKmxXrLs2_rFzD4XM5Sw",
"https://www.youtube.com/channel/UC3gnV5Yt4crSTk1mHDejZVA",
"https://www.youtube.com/channel/UCIGDcUqL2kKMdJCpIr_dfxg",
"https://www.youtube.com/channel/UCIGDcUqL2kKMdJCpIr_dfxg",
"https://www.youtube.com/channel/UC42MBj8u0xX3a6Yb4APw1eg",
"https://www.youtube.com/channel/UCIGDcUqL2kKMdJCpIr_dfxg",
"https://www.youtube.com/c/OpeninApp",
"https://www.youtube.com/channel/UCjAN96n1KcKIKfeWPU2PCzQ",
"https://www.youtube.com/channel/UClOQrZIZQZojI3CmJ3jC2eg",
"https://www.youtube.com/channel/UCkrFKmxXrLs2_rFzD4XM5Sw",
"https://www.youtube.com/channel/UC3gnV5Yt4crSTk1mHDejZVA",
"https://www.youtube.com/channel/UCIGDcUqL2kKMdJCpIr_dfxg",
"https://www.youtube.com/channel/UCIGDcUqL2kKMdJCpIr_dfxg",
"https://www.youtube.com/channel/UC42MBj8u0xX3a6Yb4APw1eg",
"https://www.youtube.com/channel/UCIGDcUqL2kKMdJCpIr_dfxg",
"https://www.youtube.com/c/OpeninApp",
"https://www.youtube.com/channel/UCjAN96n1KcKIKfeWPU2PCzQ",
"https://www.youtube.com/channel/UClOQrZIZQZojI3CmJ3jC2eg",
"https://www.youtube.com/channel/UCkrFKmxXrLs2_rFzD4XM5Sw",
"https://www.youtube.com/channel/UC3gnV5Yt4crSTk1mHDejZVA",
"https://www.youtube.com/channel/UCIGDcUqL2kKMdJCpIr_dfxg",
"https://www.youtube.com/channel/UCIGDcUqL2kKMdJCpIr_dfxg",
"https://www.youtube.com/channel/UC42MBj8u0xX3a6Yb4APw1eg",
"https://www.youtube.com/channel/UCIGDcUqL2kKMdJCpIr_dfxg",
"https://www.youtube.com/c/OpeninApp",
"https://www.youtube.com/channel/UCjAN96n1KcKIKfeWPU2PCzQ",
"https://www.youtube.com/channel/UClOQrZIZQZojI3CmJ3jC2eg",
"https://www.youtube.com/channel/UCkrFKmxXrLs2_rFzD4XM5Sw",
"https://www.youtube.com/channel/UC3gnV5Yt4crSTk1mHDejZVA",
"https://www.youtube.com/channel/UCIGDcUqL2kKMdJCpIr_dfxg",
"https://www.youtube.com/channel/UCIGDcUqL2kKMdJCpIr_dfxg",
"https://www.youtube.com/channel/UC42MBj8u0xX3a6Yb4APw1eg",
"https://www.youtube.com/channel/UCIGDcUqL2kKMdJCpIr_dfxg",
"https://www.youtube.com/c/OpeninApp",
"https://www.youtube.com/channel/UCjAN96n1KcKIKfeWPU2PCzQ",
"https://www.youtube.com/channel/UClOQrZIZQZojI3CmJ3jC2eg",
"https://www.youtube.com/channel/UCkrFKmxXrLs2_rFzD4XM5Sw",
"https://www.youtube.com/channel/UC3gnV5Yt4crSTk1mHDejZVA",
"https://www.youtube.com/channel/UCIGDcUqL2kKMdJCpIr_dfxg",
"https://www.youtube.com/channel/UCIGDcUqL2kKMdJCpIr_dfxg",
"https://www.youtube.com/channel/UC42MBj8u0xX3a6Yb4APw1eg",
"https://www.youtube.com/channel/UCIGDcUqL2kKMdJCpIr_dfxg",
"https://www.youtube.com/c/OpeninApp",
"https://www.youtube.com/channel/UCjAN96n1KcKIKfeWPU2PCzQ",
"https://www.youtube.com/channel/UClOQrZIZQZojI3CmJ3jC2eg",
"https://www.youtube.com/channel/UCkrFKmxXrLs2_rFzD4XM5Sw",
"https://www.youtube.com/channel/UCdX_KVt0S-B0wvVCPHwmRwg",
"https://www.youtube.com/channel/UC3gnV5Yt4crSTk1mHDejZVA",
"https://www.youtube.com/channel/UCIGDcUqL2kKMdJCpIr_dfxg",
"https://www.youtube.com/channel/UC42MBj8u0xX3a6Yb4APw1eg",
"https://www.youtube.com/c/OpeninApp",
"https://www.youtube.com/channel/UCjAN96n1KcKIKfeWPU2PCzQ",
"https://www.youtube.com/channel/UClOQrZIZQZojI3CmJ3jC2eg",
"https://www.youtube.com/channel/UCb-xXZ7ltTvrh9C6DgB9H-Q",
"https://www.youtube.com/channel/UCkrFKmxXrLs2_rFzD4XM5Sw",
"https://www.youtube.com/channel/UC3gnV5Yt4crSTk1mHDejZVA",
"https://www.youtube.com/channel/UCIGDcUqL2kKMdJCpIr_dfxg",
"https://www.youtube.com/channel/UCIGDcUqL2kKMdJCpIr_dfxg",
"https://www.youtube.com/channel/UCIGDcUqL2kKMdJCpIr_dfxg",
"https://www.youtube.com/c/OpeninApp",
"https://www.youtube.com/channel/UCjAN96n1KcKIKfeWPU2PCzQ",
"https://www.youtube.com/channel/UClOQrZIZQZojI3CmJ3jC2eg",
"https://www.youtube.com/channel/UCSyhu4VGGxWhsqDxqnsG7vw",
"https://www.youtube.com/channel/UCkrFKmxXrLs2_rFzD4XM5Sw",
"https://www.youtube.com/channel/UC3gnV5Yt4crSTk1mHDejZVA",
"https://www.youtube.com/channel/UCIGDcUqL2kKMdJCpIr_dfxg",
"https://www.youtube.com/channel/UCIGDcUqL2kKMdJCpIr_dfxg",
"https://www.youtube.com/channel/UC42MBj8u0xX3a6Yb4APw1eg",
"https://www.youtube.com/channel/UCIGDcUqL2kKMdJCpIr_dfxg",
"https://www.youtube.com/c/OpeninApp",
"https://www.youtube.com/channel/UCjAN96n1KcKIKfeWPU2PCzQ",
"https://www.youtube.com/channel/UClOQrZIZQZojI3CmJ3jC2eg",
"https://www.youtube.com/channel/UCkrFKmxXrLs2_rFzD4XM5Sw",
"https://www.youtube.com/channel/UC3gnV5Yt4crSTk1mHDejZVA",
"https://www.youtube.com/channel/UCIGDcUqL2kKMdJCpIr_dfxg",
"https://www.youtube.com/channel/UCIGDcUqL2kKMdJCpIr_dfxg",
"https://www.youtube.com/channel/UCIGDcUqL2kKMdJCpIr_dfxg",
"https://www.youtube.com/c/OpeninApp",
"https://www.youtube.com/channel/UCjAN96n1KcKIKfeWPU2PCzQ",
"https://www.youtube.com/channel/UClOQrZIZQZojI3CmJ3jC2eg",
"https://www.youtube.com/channel/UCSyhu4VGGxWhsqDxqnsG7vw",
"https://www.youtube.com/channel/UCkrFKmxXrLs2_rFzD4XM5Sw",
"https://www.youtube.com/channel/UC3gnV5Yt4crSTk1mHDejZVA",
"https://www.youtube.com/channel/UCIGDcUqL2kKMdJCpIr_dfxg",
"https://www.youtube.com/channel/UCIGDcUqL2kKMdJCpIr_dfxg",
"https://www.youtube.com/channel/UC42MBj8u0xX3a6Yb4APw1eg",
"https://www.youtube.com/channel/UCIGDcUqL2kKMdJCpIr_dfxg",
"https://www.youtube.com/c/OpeninApp",
"https://www.youtube.com/channel/UCjAN96n1KcKIKfeWPU2PCzQ",
"https://www.youtube.com/channel/UClOQrZIZQZojI3CmJ3jC2eg",
"https://www.youtube.com/channel/UCkrFKmxXrLs2_rFzD4XM5Sw",
"https://www.youtube.com/channel/UC3gnV5Yt4crSTk1mHDejZVA",
"https://www.youtube.com/channel/UCIGDcUqL2kKMdJCpIr_dfxg",
"https://www.youtube.com/channel/UCIGDcUqL2kKMdJCpIr_dfxg",
"https://www.youtube.com/channel/UC42MBj8u0xX3a6Yb4APw1eg",
"https://www.youtube.com/channel/UCIGDcUqL2kKMdJCpIr_dfxg",
"https://www.youtube.com/c/OpeninApp",
"https://www.youtube.com/channel/UCjAN96n1KcKIKfeWPU2PCzQ",
"https://www.youtube.com/channel/UClOQrZIZQZojI3CmJ3jC2eg",
"https://www.youtube.com/channel/UCkrFKmxXrLs2_rFzD4XM5Sw",
"https://www.youtube.com/channel/UC3gnV5Yt4crSTk1mHDejZVA",
"https://www.youtube.com/channel/UCIGDcUqL2kKMdJCpIr_dfxg",
"https://www.youtube.com/channel/UCIGDcUqL2kKMdJCpIr_dfxg",
"https://www.youtube.com/channel/UC42MBj8u0xX3a6Yb4APw1eg",
"https://www.youtube.com/channel/UCIGDcUqL2kKMdJCpIr_dfxg",
"https://www.youtube.com/c/OpeninApp",
"https://www.youtube.com/channel/UCjAN96n1KcKIKfeWPU2PCzQ",
"https://www.youtube.com/channel/UClOQrZIZQZojI3CmJ3jC2eg",
"https://www.youtube.com/channel/UCkrFKmxXrLs2_rFzD4XM5Sw",
"https://www.youtube.com/channel/UC3gnV5Yt4crSTk1mHDejZVA",
"https://www.youtube.com/channel/UCIGDcUqL2kKMdJCpIr_dfxg",
"https://www.youtube.com/channel/UCIGDcUqL2kKMdJCpIr_dfxg",
"https://www.youtube.com/channel/UC42MBj8u0xX3a6Yb4APw1eg",
"https://www.youtube.com/channel/UCIGDcUqL2kKMdJCpIr_dfxg",
"https://www.youtube.com/c/OpeninApp",
"https://www.youtube.com/channel/UCjAN96n1KcKIKfeWPU2PCzQ",
"https://www.youtube.com/channel/UClOQrZIZQZojI3CmJ3jC2eg",
"https://www.youtube.com/channel/UCkrFKmxXrLs2_rFzD4XM5Sw",
"https://www.youtube.com/channel/UC3gnV5Yt4crSTk1mHDejZVA",
"https://www.youtube.com/channel/UCIGDcUqL2kKMdJCpIr_dfxg",
"https://www.youtube.com/channel/UCIGDcUqL2kKMdJCpIr_dfxg",
"https://www.youtube.com/channel/UC42MBj8u0xX3a6Yb4APw1eg",
"https://www.youtube.com/channel/UCIGDcUqL2kKMdJCpIr_dfxg",
"https://www.youtube.com/c/OpeninApp",
"https://www.youtube.com/channel/UCjAN96n1KcKIKfeWPU2PCzQ",
"https://www.youtube.com/channel/UClOQrZIZQZojI3CmJ3jC2eg",
"https://www.youtube.com/channel/UCkrFKmxXrLs2_rFzD4XM5Sw",
"https://www.youtube.com/channel/UCdX_KVt0S-B0wvVCPHwmRwg",
"https://www.youtube.com/channel/UC3gnV5Yt4crSTk1mHDejZVA",
"https://www.youtube.com/channel/UCIGDcUqL2kKMdJCpIr_dfxg",
"https://www.youtube.com/channel/UCIGDcUqL2kKMdJCpIr_dfxg",
"https://www.youtube.com/channel/UC42MBj8u0xX3a6Yb4APw1eg",
"https://www.youtube.com/channel/UCIGDcUqL2kKMdJCpIr_dfxg",
"https://www.youtube.com/channel/UCjAN96n1KcKIKfeWPU2PCzQ",
"https://www.youtube.com/channel/UCkrFKmxXrLs2_rFzD4XM5Sw",
"https://www.youtube.com/channel/UClOQrZIZQZojI3CmJ3jC2eg",
"https://www.youtube.com/channel/UCdX_KVt0S-B0wvVCPHwmRwg",
"https://www.youtube.com/channel/UC3gnV5Yt4crSTk1mHDejZVA",
"https://www.youtube.com/channel/UCIGDcUqL2kKMdJCpIr_dfxg",
"https://www.youtube.com/channel/UCIGDcUqL2kKMdJCpIr_dfxg",
"https://www.youtube.com/channel/UC42MBj8u0xX3a6Yb4APw1eg",
"https://www.youtube.com/channel/UCIGDcUqL2kKMdJCpIr_dfxg",
"https://www.youtube.com/channel/UCjAN96n1KcKIKfeWPU2PCzQ",
"https://www.youtube.com/channel/UClOQrZIZQZojI3CmJ3jC2eg",
"https://www.youtube.com/channel/UCkrFKmxXrLs2_rFzD4XM5Sw",
"https://www.youtube.com/channel/UCdX_KVt0S-B0wvVCPHwmRwg",
"https://www.youtube.com/channel/UC3gnV5Yt4crSTk1mHDejZVA",
"https://www.youtube.com/channel/UCIGDcUqL2kKMdJCpIr_dfxg",
"https://www.youtube.com/channel/UCIGDcUqL2kKMdJCpIr_dfxg",
"https://www.youtube.com/channel/UC42MBj8u0xX3a6Yb4APw1eg",
"https://www.youtube.com/channel/UCIGDcUqL2kKMdJCpIr_dfxg",
"https://www.youtube.com/channel/UCjAN96n1KcKIKfeWPU2PCzQ",
"https://www.youtube.com/channel/UClOQrZIZQZojI3CmJ3jC2eg",
"https://www.youtube.com/channel/UCkrFKmxXrLs2_rFzD4XM5Sw",
"https://www.youtube.com/channel/UCdX_KVt0S-B0wvVCPHwmRwg",
"https://www.youtube.com/channel/UC3gnV5Yt4crSTk1mHDejZVA",
"https://www.youtube.com/channel/UCIGDcUqL2kKMdJCpIr_dfxg",
"https://www.youtube.com/channel/UCIGDcUqL2kKMdJCpIr_dfxg",
"https://www.youtube.com/channel/UC42MBj8u0xX3a6Yb4APw1eg",
"https://www.youtube.com/channel/UCIGDcUqL2kKMdJCpIr_dfxg",
"https://www.youtube.com/channel/UCjAN96n1KcKIKfeWPU2PCzQ",
"https://www.youtube.com/channel/UClOQrZIZQZojI3CmJ3jC2eg",
"https://www.youtube.com/channel/UCkrFKmxXrLs2_rFzD4XM5Sw",
"https://www.youtube.com/channel/UCdX_KVt0S-B0wvVCPHwmRwg",
"https://www.youtube.com/channel/UC3gnV5Yt4crSTk1mHDejZVA",
"https://www.youtube.com/channel/UCIGDcUqL2kKMdJCpIr_dfxg",
"https://www.youtube.com/channel/UCIGDcUqL2kKMdJCpIr_dfxg",
"https://www.youtube.com/channel/UC42MBj8u0xX3a6Yb4APw1eg",
"https://www.youtube.com/channel/UCIGDcUqL2kKMdJCpIr_dfxg",
"https://www.youtube.com/channel/UCjAN96n1KcKIKfeWPU2PCzQ",
"https://www.youtube.com/channel/UClOQrZIZQZojI3CmJ3jC2eg",
"https://www.youtube.com/channel/UCkrFKmxXrLs2_rFzD4XM5Sw",
"https://www.youtube.com/channel/UCdX_KVt0S-B0wvVCPHwmRwg",
"https://www.youtube.com/channel/UC3gnV5Yt4crSTk1mHDejZVA",
"https://www.youtube.com/channel/UCIGDcUqL2kKMdJCpIr_dfxg",
"https://www.youtube.com/channel/UCIGDcUqL2kKMdJCpIr_dfxg",
"https://www.youtube.com/channel/UC42MBj8u0xX3a6Yb4APw1eg",
"https://www.youtube.com/channel/UCIGDcUqL2kKMdJCpIr_dfxg",
"https://www.youtube.com/channel/UCjAN96n1KcKIKfeWPU2PCzQ",
"https://www.youtube.com/channel/UClOQrZIZQZojI3CmJ3jC2eg",
"https://www.youtube.com/channel/UCkrFKmxXrLs2_rFzD4XM5Sw",
"https://www.youtube.com/channel/UCdX_KVt0S-B0wvVCPHwmRwg",
"https://www.youtube.com/channel/UC3gnV5Yt4crSTk1mHDejZVA",
"https://www.youtube.com/channel/UCIGDcUqL2kKMdJCpIr_dfxg",
"https://www.youtube.com/channel/UCIGDcUqL2kKMdJCpIr_dfxg",
"https://www.youtube.com/channel/UC42MBj8u0xX3a6Yb4APw1eg",
"https://www.youtube.com/channel/UCIGDcUqL2kKMdJCpIr_dfxg",
"https://www.youtube.com/channel/UCjAN96n1KcKIKfeWPU2PCzQ",
"https://www.youtube.com/channel/UClOQrZIZQZojI3CmJ3jC2eg",
"https://www.youtube.com/channel/UCkrFKmxXrLs2_rFzD4XM5Sw",
"https://www.youtube.com/channel/UC3gnV5Yt4crSTk1mHDejZVA",
"https://www.youtube.com/channel/UCIGDcUqL2kKMdJCpIr_dfxg",
"https://www.youtube.com/channel/UCIGDcUqL2kKMdJCpIr_dfxg",
"https://www.youtube.com/channel/UC42MBj8u0xX3a6Yb4APw1eg",
"https://www.youtube.com/channel/UCIGDcUqL2kKMdJCpIr_dfxg",
"https://www.youtube.com/channel/UCjAN96n1KcKIKfeWPU2PCzQ",
"https://www.youtube.com/channel/UClOQrZIZQZojI3CmJ3jC2eg",
"https://www.youtube.com/channel/UCSyhu4VGGxWhsqDxqnsG7vw",
"https://www.youtube.com/channel/UCkrFKmxXrLs2_rFzD4XM5Sw",
"https://www.youtube.com/channel/UC3gnV5Yt4crSTk1mHDejZVA",
"https://www.youtube.com/channel/UCIGDcUqL2kKMdJCpIr_dfxg",
"https://www.youtube.com/channel/UCIGDcUqL2kKMdJCpIr_dfxg",
"https://www.youtube.com/channel/UC42MBj8u0xX3a6Yb4APw1eg",
"https://www.youtube.com/channel/UCIGDcUqL2kKMdJCpIr_dfxg",
"https://www.youtube.com/channel/UCjAN96n1KcKIKfeWPU2PCzQ",
"https://www.youtube.com/channel/UClOQrZIZQZojI3CmJ3jC2eg",
"https://www.youtube.com/channel/UCSyhu4VGGxWhsqDxqnsG7vw",
"https://www.youtube.com/channel/UCkrFKmxXrLs2_rFzD4XM5Sw",
"https://www.youtube.com/channel/UC3gnV5Yt4crSTk1mHDejZVA",
"https://www.youtube.com/channel/UCIGDcUqL2kKMdJCpIr_dfxg",
"https://www.youtube.com/channel/UCIGDcUqL2kKMdJCpIr_dfxg",
"https://www.youtube.com/channel/UC42MBj8u0xX3a6Yb4APw1eg",
"https://www.youtube.com/channel/UCIGDcUqL2kKMdJCpIr_dfxg",
"https://www.youtube.com/channel/UCjAN96n1KcKIKfeWPU2PCzQ",
"https://www.youtube.com/channel/UClOQrZIZQZojI3CmJ3jC2eg",
"https://www.youtube.com/channel/UCSyhu4VGGxWhsqDxqnsG7vw",
"https://www.youtube.com/channel/UCkrFKmxXrLs2_rFzD4XM5Sw",
"https://www.youtube.com/channel/UC3gnV5Yt4crSTk1mHDejZVA",
"https://www.youtube.com/channel/UCIGDcUqL2kKMdJCpIr_dfxg",
"https://www.youtube.com/channel/UCIGDcUqL2kKMdJCpIr_dfxg",
"https://www.youtube.com/channel/UC42MBj8u0xX3a6Yb4APw1eg",
"https://www.youtube.com/channel/UCIGDcUqL2kKMdJCpIr_dfxg",
"https://www.youtube.com/channel/UCjAN96n1KcKIKfeWPU2PCzQ",
"https://www.youtube.com/channel/UClOQrZIZQZojI3CmJ3jC2eg",
"https://www.youtube.com/channel/UCSyhu4VGGxWhsqDxqnsG7vw",
"https://www.youtube.com/channel/UCkrFKmxXrLs2_rFzD4XM5Sw",
"https://www.youtube.com/channel/UC3gnV5Yt4crSTk1mHDejZVA",
"https://www.youtube.com/channel/UCIGDcUqL2kKMdJCpIr_dfxg",
"https://www.youtube.com/channel/UCIGDcUqL2kKMdJCpIr_dfxg",
"https://www.youtube.com/channel/UC42MBj8u0xX3a6Yb4APw1eg",
"https://www.youtube.com/channel/UCIGDcUqL2kKMdJCpIr_dfxg",
"https://www.youtube.com/channel/UCjAN96n1KcKIKfeWPU2PCzQ",
"https://www.youtube.com/channel/UClOQrZIZQZojI3CmJ3jC2eg",
"https://www.youtube.com/channel/UCSyhu4VGGxWhsqDxqnsG7vw",
"https://www.youtube.com/channel/UCkrFKmxXrLs2_rFzD4XM5Sw",
"https://www.youtube.com/channel/UC3gnV5Yt4crSTk1mHDejZVA",
"https://www.youtube.com/channel/UCIGDcUqL2kKMdJCpIr_dfxg",
"https://www.youtube.com/channel/UCIGDcUqL2kKMdJCpIr_dfxg",
"https://www.youtube.com/channel/UC42MBj8u0xX3a6Yb4APw1eg",
"https://www.youtube.com/channel/UCIGDcUqL2kKMdJCpIr_dfxg",
"https://www.youtube.com/channel/UCjAN96n1KcKIKfeWPU2PCzQ",
"https://www.youtube.com/channel/UClOQrZIZQZojI3CmJ3jC2eg",
"https://www.youtube.com/channel/UCSyhu4VGGxWhsqDxqnsG7vw",
"https://www.youtube.com/channel/UCkrFKmxXrLs2_rFzD4XM5Sw",
"https://www.youtube.com/channel/UC3gnV5Yt4crSTk1mHDejZVA",
"https://www.youtube.com/channel/UCIGDcUqL2kKMdJCpIr_dfxg",
"https://www.youtube.com/channel/UCIGDcUqL2kKMdJCpIr_dfxg",
"https://www.youtube.com/channel/UC42MBj8u0xX3a6Yb4APw1eg",
"https://www.youtube.com/channel/UCIGDcUqL2kKMdJCpIr_dfxg",
"https://www.youtube.com/channel/UCjAN96n1KcKIKfeWPU2PCzQ",
"https://www.youtube.com/channel/UCSyhu4VGGxWhsqDxqnsG7vw",
"https://www.youtube.com/channel/UCkrFKmxXrLs2_rFzD4XM5Sw",
"https://www.youtube.com/channel/UClOQrZIZQZojI3CmJ3jC2eg",
"https://www.youtube.com/channel/UC3gnV5Yt4crSTk1mHDejZVA",
"https://www.youtube.com/channel/UCIGDcUqL2kKMdJCpIr_dfxg",
"https://www.youtube.com/channel/UCIGDcUqL2kKMdJCpIr_dfxg",
"https://www.youtube.com/channel/UC42MBj8u0xX3a6Yb4APw1eg",
"https://www.youtube.com/channel/UCIGDcUqL2kKMdJCpIr_dfxg",
"https://www.youtube.com/channel/UCjAN96n1KcKIKfeWPU2PCzQ",
"https://www.youtube.com/channel/UCSyhu4VGGxWhsqDxqnsG7vw",
"https://www.youtube.com/channel/UCkrFKmxXrLs2_rFzD4XM5Sw",
"https://www.youtube.com/channel/UClOQrZIZQZojI3CmJ3jC2eg",
"https://www.youtube.com/channel/UC3gnV5Yt4crSTk1mHDejZVA",
"https://www.youtube.com/channel/UCIGDcUqL2kKMdJCpIr_dfxg",
"https://www.youtube.com/channel/UCIGDcUqL2kKMdJCpIr_dfxg",
"https://www.youtube.com/channel/UC42MBj8u0xX3a6Yb4APw1eg",
"https://www.youtube.com/channel/UCIGDcUqL2kKMdJCpIr_dfxg",
"https://www.youtube.com/channel/UCjAN96n1KcKIKfeWPU2PCzQ",
"https://www.youtube.com/channel/UClOQrZIZQZojI3CmJ3jC2eg",
"https://www.youtube.com/channel/UCSyhu4VGGxWhsqDxqnsG7vw",
"https://www.youtube.com/channel/UCkrFKmxXrLs2_rFzD4XM5Sw",
"https://www.youtube.com/channel/UC3gnV5Yt4crSTk1mHDejZVA",
"https://www.youtube.com/channel/UCIGDcUqL2kKMdJCpIr_dfxg",
"https://www.youtube.com/channel/UCIGDcUqL2kKMdJCpIr_dfxg",
"https://www.youtube.com/channel/UC42MBj8u0xX3a6Yb4APw1eg",
"https://www.youtube.com/channel/UCIGDcUqL2kKMdJCpIr_dfxg",
"https://www.youtube.com/channel/UCjAN96n1KcKIKfeWPU2PCzQ",
"https://www.youtube.com/channel/UClOQrZIZQZojI3CmJ3jC2eg",
"https://www.youtube.com/channel/UCSyhu4VGGxWhsqDxqnsG7vw",
"https://www.youtube.com/channel/UCkrFKmxXrLs2_rFzD4XM5Sw",
"https://www.youtube.com/channel/UC3gnV5Yt4crSTk1mHDejZVA",
"https://www.youtube.com/channel/UCIGDcUqL2kKMdJCpIr_dfxg",
"https://www.youtube.com/channel/UCIGDcUqL2kKMdJCpIr_dfxg",
"https://www.youtube.com/channel/UC42MBj8u0xX3a6Yb4APw1eg",
"https://www.youtube.com/channel/UCIGDcUqL2kKMdJCpIr_dfxg",
"https://www.youtube.com/channel/UCjAN96n1KcKIKfeWPU2PCzQ",
"https://www.youtube.com/channel/UClOQrZIZQZojI3CmJ3jC2eg",
"https://www.youtube.com/channel/UCSyhu4VGGxWhsqDxqnsG7vw",
"https://www.youtube.com/channel/UCkrFKmxXrLs2_rFzD4XM5Sw",
"https://www.youtube.com/channel/UC3gnV5Yt4crSTk1mHDejZVA",
"https://www.youtube.com/channel/UCIGDcUqL2kKMdJCpIr_dfxg",
"https://www.youtube.com/channel/UCIGDcUqL2kKMdJCpIr_dfxg",
"https://www.youtube.com/channel/UC42MBj8u0xX3a6Yb4APw1eg",
"https://www.youtube.com/channel/UCIGDcUqL2kKMdJCpIr_dfxg",
"https://www.youtube.com/channel/UCjAN96n1KcKIKfeWPU2PCzQ",
"https://www.youtube.com/channel/UClOQrZIZQZojI3CmJ3jC2eg",
"https://www.youtube.com/channel/UCSyhu4VGGxWhsqDxqnsG7vw",
"https://www.youtube.com/channel/UCkrFKmxXrLs2_rFzD4XM5Sw",
"https://www.youtube.com/channel/UC3gnV5Yt4crSTk1mHDejZVA",
"https://www.youtube.com/channel/UCIGDcUqL2kKMdJCpIr_dfxg",
"https://www.youtube.com/channel/UCIGDcUqL2kKMdJCpIr_dfxg",
"https://www.youtube.com/channel/UCIGDcUqL2kKMdJCpIr_dfxg",
"https://www.youtube.com/channel/UC42MBj8u0xX3a6Yb4APw1eg",
"https://www.youtube.com/channel/UCjAN96n1KcKIKfeWPU2PCzQ",
"https://www.youtube.com/channel/UClOQrZIZQZojI3CmJ3jC2eg",
"https://www.youtube.com/channel/UCSyhu4VGGxWhsqDxqnsG7vw",
"https://www.youtube.com/channel/UCkrFKmxXrLs2_rFzD4XM5Sw",
"https://www.youtube.com/channel/UC3gnV5Yt4crSTk1mHDejZVA",
"https://www.youtube.com/channel/UCIGDcUqL2kKMdJCpIr_dfxg",
"https://www.youtube.com/channel/UCIGDcUqL2kKMdJCpIr_dfxg",
"https://www.youtube.com/channel/UC42MBj8u0xX3a6Yb4APw1eg",
"https://www.youtube.com/channel/UCIGDcUqL2kKMdJCpIr_dfxg",
"https://www.youtube.com/channel/UCjAN96n1KcKIKfeWPU2PCzQ",
"https://www.youtube.com/channel/UClOQrZIZQZojI3CmJ3jC2eg",
"https://www.youtube.com/channel/UCSyhu4VGGxWhsqDxqnsG7vw",
"https://www.youtube.com/channel/UCkrFKmxXrLs2_rFzD4XM5Sw",
"https://www.youtube.com/channel/UC3gnV5Yt4crSTk1mHDejZVA",
"https://www.youtube.com/channel/UCIGDcUqL2kKMdJCpIr_dfxg",
"https://www.youtube.com/channel/UCIGDcUqL2kKMdJCpIr_dfxg",
"https://www.youtube.com/channel/UC42MBj8u0xX3a6Yb4APw1eg",
"https://www.youtube.com/channel/UCIGDcUqL2kKMdJCpIr_dfxg",
"https://www.youtube.com/channel/UCjAN96n1KcKIKfeWPU2PCzQ",
"https://www.youtube.com/channel/UClOQrZIZQZojI3CmJ3jC2eg",
"https://www.youtube.com/channel/UCSyhu4VGGxWhsqDxqnsG7vw",
"https://www.youtube.com/channel/UCkrFKmxXrLs2_rFzD4XM5Sw",
"https://www.youtube.com/channel/UCdX_KVt0S-B0wvVCPHwmRwg",
"https://www.youtube.com/channel/UC3gnV5Yt4crSTk1mHDejZVA",
"https://www.youtube.com/channel/UCIGDcUqL2kKMdJCpIr_dfxg",
"https://www.youtube.com/channel/UCIGDcUqL2kKMdJCpIr_dfxg",
"https://www.youtube.com/channel/UC42MBj8u0xX3a6Yb4APw1eg",
"https://www.youtube.com/channel/UCIGDcUqL2kKMdJCpIr_dfxg",
"https://www.youtube.com/channel/UCjAN96n1KcKIKfeWPU2PCzQ",
"https://www.youtube.com/channel/UClOQrZIZQZojI3CmJ3jC2eg",
"https://www.youtube.com/channel/UCkrFKmxXrLs2_rFzD4XM5Sw",
"https://www.youtube.com/channel/UC3gnV5Yt4crSTk1mHDejZVA",
"https://www.youtube.com/channel/UCIGDcUqL2kKMdJCpIr_dfxg",
"https://www.youtube.com/channel/UCIGDcUqL2kKMdJCpIr_dfxg",
"https://www.youtube.com/channel/UC42MBj8u0xX3a6Yb4APw1eg",
"https://www.youtube.com/channel/UCIGDcUqL2kKMdJCpIr_dfxg",
"https://www.youtube.com/channel/UCjAN96n1KcKIKfeWPU2PCzQ",
"https://www.youtube.com/channel/UClOQrZIZQZojI3CmJ3jC2eg",
"https://www.youtube.com/channel/UCSyhu4VGGxWhsqDxqnsG7vw",
"https://www.youtube.com/channel/UCkrFKmxXrLs2_rFzD4XM5Sw",
"https://www.youtube.com/channel/UC3gnV5Yt4crSTk1mHDejZVA",
"https://www.youtube.com/channel/UCIGDcUqL2kKMdJCpIr_dfxg",
"https://www.youtube.com/channel/UCIGDcUqL2kKMdJCpIr_dfxg",
"https://www.youtube.com/channel/UC42MBj8u0xX3a6Yb4APw1eg",
"https://www.youtube.com/channel/UCIGDcUqL2kKMdJCpIr_dfxg",
"https://www.youtube.com/channel/UCjAN96n1KcKIKfeWPU2PCzQ",
"https://www.youtube.com/channel/UClOQrZIZQZojI3CmJ3jC2eg",
"https://www.youtube.com/channel/UCSyhu4VGGxWhsqDxqnsG7vw",
"https://www.youtube.com/channel/UCkrFKmxXrLs2_rFzD4XM5Sw",
"https://www.youtube.com/channel/UC3gnV5Yt4crSTk1mHDejZVA",
"https://www.youtube.com/channel/UCIGDcUqL2kKMdJCpIr_dfxg",
"https://www.youtube.com/channel/UCIGDcUqL2kKMdJCpIr_dfxg",
"https://www.youtube.com/channel/UC42MBj8u0xX3a6Yb4APw1eg",
"https://www.youtube.com/channel/UCIGDcUqL2kKMdJCpIr_dfxg",
"https://www.youtube.com/channel/UCjAN96n1KcKIKfeWPU2PCzQ",
"https://www.youtube.com/channel/UClOQrZIZQZojI3CmJ3jC2eg",
"https://www.youtube.com/channel/UCSyhu4VGGxWhsqDxqnsG7vw",
"https://www.youtube.com/channel/UCkrFKmxXrLs2_rFzD4XM5Sw",
"https://www.youtube.com/channel/UC3gnV5Yt4crSTk1mHDejZVA",
"https://www.youtube.com/channel/UCIGDcUqL2kKMdJCpIr_dfxg",
"https://www.youtube.com/channel/UCIGDcUqL2kKMdJCpIr_dfxg",
"https://www.youtube.com/channel/UC42MBj8u0xX3a6Yb4APw1eg",
"https://www.youtube.com/channel/UCIGDcUqL2kKMdJCpIr_dfxg",
"https://www.youtube.com/channel/UCjAN96n1KcKIKfeWPU2PCzQ",
"https://www.youtube.com/channel/UCSyhu4VGGxWhsqDxqnsG7vw",
"https://www.youtube.com/channel/UCkrFKmxXrLs2_rFzD4XM5Sw",
"https://www.youtube.com/channel/UC3gnV5Yt4crSTk1mHDejZVA",
"https://www.youtube.com/channel/UCIGDcUqL2kKMdJCpIr_dfxg",
"https://www.youtube.com/channel/UCIGDcUqL2kKMdJCpIr_dfxg",
"https://www.youtube.com/channel/UCIGDcUqL2kKMdJCpIr_dfxg",
"https://www.youtube.com/c/OpeninApp",
"https://www.youtube.com/channel/UCjAN96n1KcKIKfeWPU2PCzQ",
"https://www.youtube.com/channel/UClOQrZIZQZojI3CmJ3jC2eg",
"https://www.youtube.com/channel/UCSyhu4VGGxWhsqDxqnsG7vw",
"https://www.youtube.com/channel/UCkrFKmxXrLs2_rFzD4XM5Sw",
"https://www.youtube.com/channel/UC3gnV5Yt4crSTk1mHDejZVA",
"https://www.youtube.com/channel/UCIGDcUqL2kKMdJCpIr_dfxg",
"https://www.youtube.com/channel/UCIGDcUqL2kKMdJCpIr_dfxg",
"https://www.youtube.com/channel/UCIGDcUqL2kKMdJCpIr_dfxg",
"https://www.youtube.com/c/OpeninApp",
"https://www.youtube.com/channel/UCjAN96n1KcKIKfeWPU2PCzQ",
"https://www.youtube.com/channel/UClOQrZIZQZojI3CmJ3jC2eg",
"https://www.youtube.com/channel/UCSyhu4VGGxWhsqDxqnsG7vw",
"https://www.youtube.com/channel/UCkrFKmxXrLs2_rFzD4XM5Sw",
"https://www.youtube.com/channel/UC3gnV5Yt4crSTk1mHDejZVA",
"https://www.youtube.com/channel/UCIGDcUqL2kKMdJCpIr_dfxg",
"https://www.youtube.com/channel/UCIGDcUqL2kKMdJCpIr_dfxg",
"https://www.youtube.com/channel/UCIGDcUqL2kKMdJCpIr_dfxg",
"https://www.youtube.com/c/OpeninApp",
"https://www.youtube.com/channel/UCjAN96n1KcKIKfeWPU2PCzQ",
"https://www.youtube.com/channel/UClOQrZIZQZojI3CmJ3jC2eg",
"https://www.youtube.com/channel/UCSyhu4VGGxWhsqDxqnsG7vw",
"https://www.youtube.com/channel/UCkrFKmxXrLs2_rFzD4XM5Sw",
"https://www.youtube.com/channel/UC3gnV5Yt4crSTk1mHDejZVA",
"https://www.youtube.com/channel/UCIGDcUqL2kKMdJCpIr_dfxg",
"https://www.youtube.com/channel/UCIGDcUqL2kKMdJCpIr_dfxg",
"https://www.youtube.com/channel/UCIGDcUqL2kKMdJCpIr_dfxg",
"https://www.youtube.com/c/OpeninApp",
"https://www.youtube.com/channel/UCjAN96n1KcKIKfeWPU2PCzQ",
"https://www.youtube.com/channel/UClOQrZIZQZojI3CmJ3jC2eg",
"https://www.youtube.com/channel/UCSyhu4VGGxWhsqDxqnsG7vw",
"https://www.youtube.com/channel/UCkrFKmxXrLs2_rFzD4XM5Sw",
"https://www.youtube.com/channel/UC3gnV5Yt4crSTk1mHDejZVA",
"https://www.youtube.com/channel/UCIGDcUqL2kKMdJCpIr_dfxg",
"https://www.youtube.com/channel/UCIGDcUqL2kKMdJCpIr_dfxg",
"https://www.youtube.com/channel/UCIGDcUqL2kKMdJCpIr_dfxg",
"https://www.youtube.com/c/OpeninApp",
"https://www.youtube.com/channel/UCjAN96n1KcKIKfeWPU2PCzQ",
"https://www.youtube.com/channel/UClOQrZIZQZojI3CmJ3jC2eg",
"https://www.youtube.com/channel/UCSyhu4VGGxWhsqDxqnsG7vw",
"https://www.youtube.com/channel/UCkrFKmxXrLs2_rFzD4XM5Sw",
"https://www.youtube.com/channel/UC3gnV5Yt4crSTk1mHDejZVA",
"https://www.youtube.com/channel/UCIGDcUqL2kKMdJCpIr_dfxg",
"https://www.youtube.com/channel/UCIGDcUqL2kKMdJCpIr_dfxg",
"https://www.youtube.com/channel/UCIGDcUqL2kKMdJCpIr_dfxg",
"https://www.youtube.com/c/OpeninApp",
"https://www.youtube.com/channel/UCjAN96n1KcKIKfeWPU2PCzQ",
"https://www.youtube.com/channel/UClOQrZIZQZojI3CmJ3jC2eg",
"https://www.youtube.com/channel/UCSyhu4VGGxWhsqDxqnsG7vw",
"https://www.youtube.com/channel/UCkrFKmxXrLs2_rFzD4XM5Sw",
"https://www.youtube.com/channel/UC3gnV5Yt4crSTk1mHDejZVA",
"https://www.youtube.com/channel/UCIGDcUqL2kKMdJCpIr_dfxg",
"https://www.youtube.com/channel/UCIGDcUqL2kKMdJCpIr_dfxg",
"https://www.youtube.com/channel/UCIGDcUqL2kKMdJCpIr_dfxg",
"https://www.youtube.com/c/OpeninApp",
"https://www.youtube.com/channel/UCjAN96n1KcKIKfeWPU2PCzQ",
"https://www.youtube.com/channel/UClOQrZIZQZojI3CmJ3jC2eg",
"https://www.youtube.com/channel/UCSyhu4VGGxWhsqDxqnsG7vw",
"https://www.youtube.com/channel/UCkrFKmxXrLs2_rFzD4XM5Sw",
"https://www.youtube.com/channel/UC3gnV5Yt4crSTk1mHDejZVA",
"https://www.youtube.com/channel/UCIGDcUqL2kKMdJCpIr_dfxg",
"https://www.youtube.com/channel/UCIGDcUqL2kKMdJCpIr_dfxg",
"https://www.youtube.com/channel/UCIGDcUqL2kKMdJCpIr_dfxg",
"https://www.youtube.com/c/OpeninApp",
"https://www.youtube.com/channel/UCjAN96n1KcKIKfeWPU2PCzQ",
"https://www.youtube.com/channel/UCSyhu4VGGxWhsqDxqnsG7vw",
"https://www.youtube.com/channel/UCkrFKmxXrLs2_rFzD4XM5Sw",
"https://www.youtube.com/channel/UClOQrZIZQZojI3CmJ3jC2eg",
"https://www.youtube.com/channel/UC3gnV5Yt4crSTk1mHDejZVA",
"https://www.youtube.com/channel/UCIGDcUqL2kKMdJCpIr_dfxg",
"https://www.youtube.com/channel/UCIGDcUqL2kKMdJCpIr_dfxg",
"https://www.youtube.com/channel/UC42MBj8u0xX3a6Yb4APw1eg",
"https://www.youtube.com/channel/UCIGDcUqL2kKMdJCpIr_dfxg",
"https://www.youtube.com/c/OpeninApp",
"https://www.youtube.com/channel/UCjAN96n1KcKIKfeWPU2PCzQ",
"https://www.youtube.com/channel/UClOQrZIZQZojI3CmJ3jC2eg",
"https://www.youtube.com/channel/UCkrFKmxXrLs2_rFzD4XM5Sw",
"https://www.youtube.com/channel/UCSyhu4VGGxWhsqDxqnsG7vw",
"https://www.youtube.com/c/OpeninApp",
"https://www.youtube.com/channel/UCjAN96n1KcKIKfeWPU2PCzQ",
"https://www.youtube.com/channel/UC3gnV5Yt4crSTk1mHDejZVA",
"https://www.youtube.com/channel/UClOQrZIZQZojI3CmJ3jC2eg",
"https://www.youtube.com/channel/UCIGDcUqL2kKMdJCpIr_dfxg",
"https://www.youtube.com/channel/UCIGDcUqL2kKMdJCpIr_dfxg",
"https://www.youtube.com/channel/UCIGDcUqL2kKMdJCpIr_dfxg",
"https://www.youtube.com/channel/UCkrFKmxXrLs2_rFzD4XM5Sw",
"https://www.youtube.com/channel/UC3gnV5Yt4crSTk1mHDejZVA",
"https://www.youtube.com/channel/UCIGDcUqL2kKMdJCpIr_dfxg",
"https://www.youtube.com/channel/UCIGDcUqL2kKMdJCpIr_dfxg",
"https://www.youtube.com/channel/UCIGDcUqL2kKMdJCpIr_dfxg",
"https://www.youtube.com/c/OpeninApp",
"https://www.youtube.com/channel/UCjAN96n1KcKIKfeWPU2PCzQ",
"https://www.youtube.com/channel/UClOQrZIZQZojI3CmJ3jC2eg",
"https://www.youtube.com/channel/UCSyhu4VGGxWhsqDxqnsG7vw",
"https://www.youtube.com/channel/UCkrFKmxXrLs2_rFzD4XM5Sw",
"https://www.youtube.com/c/OpeninApp",
"https://www.youtube.com/channel/UCjAN96n1KcKIKfeWPU2PCzQ",
"https://www.youtube.com/channel/UC3gnV5Yt4crSTk1mHDejZVA",
"https://www.youtube.com/channel/UCIGDcUqL2kKMdJCpIr_dfxg",
"https://www.youtube.com/channel/UCIGDcUqL2kKMdJCpIr_dfxg",
"https://www.youtube.com/channel/UC42MBj8u0xX3a6Yb4APw1eg",
"https://www.youtube.com/channel/UCIGDcUqL2kKMdJCpIr_dfxg",
"https://www.youtube.com/channel/UCkrFKmxXrLs2_rFzD4XM5Sw",
"https://www.youtube.com/channel/UClOQrZIZQZojI3CmJ3jC2eg",
"https://www.youtube.com/c/OpeninApp",
"https://www.youtube.com/channel/UCjAN96n1KcKIKfeWPU2PCzQ",
"https://www.youtube.com/channel/UC3gnV5Yt4crSTk1mHDejZVA",
"https://www.youtube.com/channel/UCIGDcUqL2kKMdJCpIr_dfxg",
"https://www.youtube.com/channel/UCIGDcUqL2kKMdJCpIr_dfxg",
"https://www.youtube.com/channel/UCIGDcUqL2kKMdJCpIr_dfxg",
"https://www.youtube.com/channel/UClOQrZIZQZojI3CmJ3jC2eg",
"https://www.youtube.com/channel/UCSyhu4VGGxWhsqDxqnsG7vw",
"https://www.youtube.com/channel/UCkrFKmxXrLs2_rFzD4XM5Sw",
"https://www.youtube.com/channel/UC3gnV5Yt4crSTk1mHDejZVA",
"https://www.youtube.com/channel/UCIGDcUqL2kKMdJCpIr_dfxg",
"https://www.youtube.com/channel/UCIGDcUqL2kKMdJCpIr_dfxg",
"https://www.youtube.com/channel/UCIGDcUqL2kKMdJCpIr_dfxg",
"https://www.youtube.com/c/OpeninApp",
"https://www.youtube.com/channel/UCjAN96n1KcKIKfeWPU2PCzQ",
"https://www.youtube.com/channel/UClOQrZIZQZojI3CmJ3jC2eg",
"https://www.youtube.com/channel/UCSyhu4VGGxWhsqDxqnsG7vw",
"https://www.youtube.com/channel/UCkrFKmxXrLs2_rFzD4XM5Sw",
"https://www.youtube.com/c/OpeninApp",
"https://www.youtube.com/channel/UCjAN96n1KcKIKfeWPU2PCzQ",
"https://www.youtube.com/channel/UC3gnV5Yt4crSTk1mHDejZVA",
"https://www.youtube.com/channel/UCIGDcUqL2kKMdJCpIr_dfxg",
"https://www.youtube.com/channel/UCIGDcUqL2kKMdJCpIr_dfxg",
"https://www.youtube.com/channel/UCIGDcUqL2kKMdJCpIr_dfxg",
"https://www.youtube.com/channel/UClOQrZIZQZojI3CmJ3jC2eg",
"https://www.youtube.com/channel/UCSyhu4VGGxWhsqDxqnsG7vw",
"https://www.youtube.com/channel/UCkrFKmxXrLs2_rFzD4XM5Sw",
"https://www.youtube.com/channel/UC3gnV5Yt4crSTk1mHDejZVA",
"https://www.youtube.com/channel/UCIGDcUqL2kKMdJCpIr_dfxg",
"https://www.youtube.com/channel/UCIGDcUqL2kKMdJCpIr_dfxg",
"https://www.youtube.com/channel/UCIGDcUqL2kKMdJCpIr_dfxg",
"https://www.youtube.com/c/OpeninApp",
"https://www.youtube.com/channel/UCjAN96n1KcKIKfeWPU2PCzQ",
"https://www.youtube.com/channel/UClOQrZIZQZojI3CmJ3jC2eg",
"https://www.youtube.com/channel/UCSyhu4VGGxWhsqDxqnsG7vw",
"https://www.youtube.com/channel/UCkrFKmxXrLs2_rFzD4XM5Sw",