video_links,
"https://www.youtube.com/watch?v=kSwZtKz2lhQ",
"https://www.youtube.com/watch?v=vOo-VyPIiW0",
"https://www.youtube.com/watch?v=-GvsoRszRt4",
"https://www.youtube.com/watch?v=Njo_GPYbTvY",
"https://www.youtube.com/watch?v=iQna6272gGE",
"https://www.youtube.com/watch?v=vr9BFGgP6rg",
"https://www.youtube.com/watch?v=yRxXLMVd2es",
"https://www.youtube.com/hashtag/openinapp",
"https://www.youtube.com/watch?v=O6lup3SN4Bw",
"https://www.youtube.com/c/OpeninApp",
"https://www.youtube.com/watch?v=kSwZtKz2lhQ",
"https://www.youtube.com/watch?v=vOo-VyPIiW0",
"https://www.youtube.com/watch?v=-GvsoRszRt4",
"https://www.youtube.com/watch?v=Njo_GPYbTvY",
"https://www.youtube.com/watch?v=iQna6272gGE",
"https://www.youtube.com/watch?v=vr9BFGgP6rg",
"https://www.youtube.com/watch?v=yRxXLMVd2es",
"https://www.youtube.com/hashtag/openinapp",
"https://www.youtube.com/watch?v=O6lup3SN4Bw",
"https://www.youtube.com/c/OpeninApp",
"https://www.youtube.com/watch?v=kSwZtKz2lhQ",
"https://www.youtube.com/watch?v=vOo-VyPIiW0",
"https://www.youtube.com/watch?v=-GvsoRszRt4",
"https://www.youtube.com/watch?v=Njo_GPYbTvY",
"https://www.youtube.com/watch?v=iQna6272gGE",
"https://www.youtube.com/watch?v=vr9BFGgP6rg",
"https://www.youtube.com/watch?v=yRxXLMVd2es",
"https://www.youtube.com/hashtag/openinapp",
"https://www.youtube.com/watch?v=O6lup3SN4Bw",
"https://www.youtube.com/c/OpeninApp",
"https://www.youtube.com/watch?v=kSwZtKz2lhQ",
"https://www.youtube.com/watch?v=vOo-VyPIiW0",
"https://www.youtube.com/watch?v=-GvsoRszRt4",
"https://www.youtube.com/watch?v=Njo_GPYbTvY",
"https://www.youtube.com/watch?v=iQna6272gGE",
"https://www.youtube.com/watch?v=vr9BFGgP6rg",
"https://www.youtube.com/watch?v=yRxXLMVd2es",
"https://www.youtube.com/hashtag/openinapp",
"https://www.youtube.com/watch?v=O6lup3SN4Bw",
"https://www.youtube.com/c/OpeninApp",
"https://www.youtube.com/watch?v=kSwZtKz2lhQ",
"https://www.youtube.com/watch?v=vOo-VyPIiW0",
"https://www.youtube.com/watch?v=-GvsoRszRt4",
"https://www.youtube.com/watch?v=Njo_GPYbTvY",
"https://www.youtube.com/watch?v=iQna6272gGE",
"https://www.youtube.com/watch?v=vr9BFGgP6rg",
"https://www.youtube.com/watch?v=yRxXLMVd2es",
"https://www.youtube.com/hashtag/openinapp",
"https://www.youtube.com/watch?v=O6lup3SN4Bw",
"https://www.youtube.com/c/OpeninApp",
"https://accounts.google.com/ServiceLogin?hl=en&passive=true&continue=https://www.google.com/search%3Fq%3Dsite%253Ayoutube.com%2Bopeninapp.co%26start%3D0&ec=GAZAAQ",
"https://www.youtube.com/watch?v=kSwZtKz2lhQ",
"https://www.youtube.com/watch?v=vOo-VyPIiW0",
"https://www.youtube.com/watch?v=-GvsoRszRt4",
"https://www.youtube.com/watch?v=Njo_GPYbTvY",
"https://www.youtube.com/watch?v=iQna6272gGE",
"https://www.youtube.com/watch?v=vr9BFGgP6rg",
"https://www.youtube.com/watch?v=yRxXLMVd2es",
"https://www.youtube.com/hashtag/openinapp",
"https://www.youtube.com/watch?v=O6lup3SN4Bw",
"https://www.youtube.com/c/OpeninApp",
"https://www.youtube.com/watch?v=kSwZtKz2lhQ",
"https://www.youtube.com/watch?v=vOo-VyPIiW0",
"https://www.youtube.com/watch?v=-GvsoRszRt4",
"https://www.youtube.com/watch?v=Njo_GPYbTvY",
"https://www.youtube.com/watch?v=iQna6272gGE",
"https://www.youtube.com/watch?v=vr9BFGgP6rg",
"https://www.youtube.com/watch?v=yRxXLMVd2es",
"https://www.youtube.com/watch?v=4tGvfFMu2l4",
"https://www.youtube.com/hashtag/openinapp",
"https://www.youtube.com/watch?v=O6lup3SN4Bw",
"https://www.youtube.com/watch?v=kSwZtKz2lhQ",
"https://www.youtube.com/watch?v=vOo-VyPIiW0",
"https://www.youtube.com/watch?v=-GvsoRszRt4",
"https://www.youtube.com/watch?v=Njo_GPYbTvY",
"https://www.youtube.com/watch?v=iQna6272gGE",
"https://www.youtube.com/watch?v=vr9BFGgP6rg",
"https://www.youtube.com/watch?v=yRxXLMVd2es",
"https://www.youtube.com/watch?v=4tGvfFMu2l4",
"https://www.youtube.com/hashtag/openinapp",
"https://www.youtube.com/watch?v=O6lup3SN4Bw",
"https://www.youtube.com/watch?v=kSwZtKz2lhQ",
"https://www.youtube.com/watch?v=vOo-VyPIiW0",
"https://www.youtube.com/watch?v=-GvsoRszRt4",
"https://www.youtube.com/watch?v=Njo_GPYbTvY",
"https://www.youtube.com/watch?v=iQna6272gGE",
"https://www.youtube.com/watch?v=vr9BFGgP6rg",
"https://www.youtube.com/watch?v=yRxXLMVd2es",
"https://www.youtube.com/watch?v=4tGvfFMu2l4",
"https://www.youtube.com/hashtag/openinapp",
"https://www.youtube.com/watch?v=O6lup3SN4Bw",
"https://www.youtube.com/watch?v=kSwZtKz2lhQ",
"https://www.youtube.com/watch?v=vOo-VyPIiW0",
"https://www.youtube.com/watch?v=-GvsoRszRt4",
"https://www.youtube.com/watch?v=Njo_GPYbTvY",
"https://www.youtube.com/watch?v=iQna6272gGE",
"https://www.youtube.com/watch?v=vr9BFGgP6rg",
"https://www.youtube.com/watch?v=yRxXLMVd2es",
"https://www.youtube.com/watch?v=4tGvfFMu2l4",
"https://www.youtube.com/hashtag/openinapp",
"https://www.youtube.com/watch?v=O6lup3SN4Bw",
"https://www.youtube.com/watch?v=kSwZtKz2lhQ",
"https://www.youtube.com/watch?v=vOo-VyPIiW0",
"https://www.youtube.com/watch?v=-GvsoRszRt4",
"https://www.youtube.com/watch?v=Njo_GPYbTvY",
"https://www.youtube.com/watch?v=iQna6272gGE",
"https://www.youtube.com/watch?v=vr9BFGgP6rg",
"https://www.youtube.com/watch?v=yRxXLMVd2es",
"https://www.youtube.com/watch?v=4tGvfFMu2l4",
"https://www.youtube.com/hashtag/openinapp",
"https://www.youtube.com/watch?v=O6lup3SN4Bw",
"https://www.youtube.com/watch?v=kSwZtKz2lhQ",
"https://www.youtube.com/watch?v=vOo-VyPIiW0",
"https://www.youtube.com/watch?v=-GvsoRszRt4",
"https://www.youtube.com/watch?v=Njo_GPYbTvY",
"https://www.youtube.com/watch?v=iQna6272gGE",
"https://www.youtube.com/watch?v=vr9BFGgP6rg",
"https://www.youtube.com/watch?v=yRxXLMVd2es",
"https://www.youtube.com/watch?v=4tGvfFMu2l4",
"https://www.youtube.com/hashtag/openinapp",
"https://www.youtube.com/watch?v=O6lup3SN4Bw",
"https://www.youtube.com/watch?v=kSwZtKz2lhQ",
"https://www.youtube.com/watch?v=vOo-VyPIiW0",
"https://www.youtube.com/watch?v=-GvsoRszRt4",
"https://www.youtube.com/watch?v=Njo_GPYbTvY",
"https://www.youtube.com/watch?v=iQna6272gGE",
"https://www.youtube.com/watch?v=vr9BFGgP6rg",
"https://www.youtube.com/watch?v=yRxXLMVd2es",
"https://www.youtube.com/watch?v=4tGvfFMu2l4",
"https://www.youtube.com/hashtag/openinapp",
"https://www.youtube.com/watch?v=O6lup3SN4Bw",
"https://www.youtube.com/watch?v=kSwZtKz2lhQ",
"https://www.youtube.com/watch?v=vOo-VyPIiW0",
"https://www.youtube.com/watch?v=-GvsoRszRt4",
"https://www.youtube.com/watch?v=Njo_GPYbTvY",
"https://www.youtube.com/watch?v=iQna6272gGE",
"https://www.youtube.com/watch?v=vr9BFGgP6rg",
"https://www.youtube.com/watch?v=yRxXLMVd2es",
"https://www.youtube.com/watch?v=4tGvfFMu2l4",
"https://www.youtube.com/hashtag/openinapp",
"https://www.youtube.com/watch?v=O6lup3SN4Bw",
"https://www.youtube.com/watch?v=kSwZtKz2lhQ",
"https://www.youtube.com/watch?v=vOo-VyPIiW0",
"https://www.youtube.com/watch?v=-GvsoRszRt4",
"https://www.youtube.com/watch?v=Njo_GPYbTvY",
"https://www.youtube.com/watch?v=iQna6272gGE",
"https://www.youtube.com/watch?v=vr9BFGgP6rg",
"https://www.youtube.com/watch?v=yRxXLMVd2es",
"https://www.youtube.com/watch?v=4tGvfFMu2l4",
"https://www.youtube.com/hashtag/openinapp",
"https://www.youtube.com/watch?v=O6lup3SN4Bw",
"https://www.youtube.com/watch?v=kSwZtKz2lhQ",
"https://www.youtube.com/watch?v=vOo-VyPIiW0",
"https://www.youtube.com/watch?v=-GvsoRszRt4",
"https://www.youtube.com/watch?v=Njo_GPYbTvY",
"https://www.youtube.com/watch?v=iQna6272gGE",
"https://www.youtube.com/watch?v=vr9BFGgP6rg",
"https://www.youtube.com/watch?v=yRxXLMVd2es",
"https://www.youtube.com/watch?v=4tGvfFMu2l4",
"https://www.youtube.com/hashtag/openinapp",
"https://www.youtube.com/watch?v=O6lup3SN4Bw",
"https://www.youtube.com/watch?v=kSwZtKz2lhQ",
"https://www.youtube.com/watch?v=vOo-VyPIiW0",
"https://www.youtube.com/watch?v=-GvsoRszRt4",
"https://www.youtube.com/watch?v=Njo_GPYbTvY",
"https://www.youtube.com/watch?v=iQna6272gGE",
"https://www.youtube.com/watch?v=vr9BFGgP6rg",
"https://www.youtube.com/watch?v=yRxXLMVd2es",
"https://www.youtube.com/watch?v=4tGvfFMu2l4",
"https://www.youtube.com/hashtag/openinapp",
"https://www.youtube.com/watch?v=O6lup3SN4Bw",
"https://www.youtube.com/watch?v=kSwZtKz2lhQ",
"https://www.youtube.com/watch?v=vOo-VyPIiW0",
"https://www.youtube.com/watch?v=-GvsoRszRt4",
"https://www.youtube.com/watch?v=Njo_GPYbTvY",
"https://www.youtube.com/watch?v=iQna6272gGE",
"https://www.youtube.com/watch?v=vr9BFGgP6rg",
"https://www.youtube.com/watch?v=yRxXLMVd2es",
"https://www.youtube.com/watch?v=4tGvfFMu2l4",
"https://www.youtube.com/hashtag/openinapp",
"https://www.youtube.com/watch?v=O6lup3SN4Bw",
"https://www.youtube.com/watch?v=kSwZtKz2lhQ",
"https://www.youtube.com/watch?v=vOo-VyPIiW0",
"https://www.youtube.com/watch?v=-GvsoRszRt4",
"https://www.youtube.com/watch?v=Njo_GPYbTvY",
"https://www.youtube.com/watch?v=iQna6272gGE",
"https://www.youtube.com/watch?v=vr9BFGgP6rg",
"https://www.youtube.com/watch?v=yRxXLMVd2es",
"https://www.youtube.com/watch?v=4tGvfFMu2l4",
"https://www.youtube.com/hashtag/openinapp",
"https://www.youtube.com/watch?v=O6lup3SN4Bw",
"https://www.youtube.com/watch?v=kSwZtKz2lhQ",
"https://www.youtube.com/watch?v=vOo-VyPIiW0",
"https://www.youtube.com/watch?v=-GvsoRszRt4",
"https://www.youtube.com/watch?v=Njo_GPYbTvY",
"https://www.youtube.com/watch?v=iQna6272gGE",
"https://www.youtube.com/watch?v=vr9BFGgP6rg",
"https://www.youtube.com/watch?v=yRxXLMVd2es",
"https://www.youtube.com/watch?v=4tGvfFMu2l4",
"https://www.youtube.com/hashtag/openinapp",
"https://www.youtube.com/watch?v=O6lup3SN4Bw",
"https://www.youtube.com/watch?v=kSwZtKz2lhQ",
"https://www.youtube.com/watch?v=vOo-VyPIiW0",
"https://www.youtube.com/watch?v=-GvsoRszRt4",
"https://www.youtube.com/watch?v=Njo_GPYbTvY",
"https://www.youtube.com/watch?v=iQna6272gGE",
"https://www.youtube.com/watch?v=vr9BFGgP6rg",
"https://www.youtube.com/watch?v=yRxXLMVd2es",
"https://www.youtube.com/watch?v=4tGvfFMu2l4",
"https://www.youtube.com/hashtag/openinapp",
"https://www.youtube.com/watch?v=O6lup3SN4Bw",
"https://www.youtube.com/watch?v=kSwZtKz2lhQ",
"https://www.youtube.com/watch?v=vOo-VyPIiW0",
"https://www.youtube.com/watch?v=-GvsoRszRt4",
"https://www.youtube.com/watch?v=Njo_GPYbTvY",
"https://www.youtube.com/watch?v=iQna6272gGE",
"https://www.youtube.com/watch?v=vr9BFGgP6rg",
"https://www.youtube.com/watch?v=yRxXLMVd2es",
"https://www.youtube.com/watch?v=4tGvfFMu2l4",
"https://www.youtube.com/hashtag/openinapp",
"https://www.youtube.com/watch?v=O6lup3SN4Bw",
"https://www.youtube.com/watch?v=kSwZtKz2lhQ",
"https://www.youtube.com/watch?v=vOo-VyPIiW0",
"https://www.youtube.com/watch?v=-GvsoRszRt4",
"https://www.youtube.com/watch?v=Njo_GPYbTvY",
"https://www.youtube.com/watch?v=iQna6272gGE",
"https://www.youtube.com/watch?v=vr9BFGgP6rg",
"https://www.youtube.com/watch?v=yRxXLMVd2es",
"https://www.youtube.com/watch?v=4tGvfFMu2l4",
"https://www.youtube.com/hashtag/openinapp",
"https://www.youtube.com/watch?v=O6lup3SN4Bw",
"https://www.youtube.com/watch?v=kSwZtKz2lhQ",
"https://www.youtube.com/watch?v=vOo-VyPIiW0",
"https://www.youtube.com/watch?v=-GvsoRszRt4",
"https://www.youtube.com/watch?v=Njo_GPYbTvY",
"https://www.youtube.com/watch?v=iQna6272gGE",
"https://www.youtube.com/watch?v=vr9BFGgP6rg",
"https://www.youtube.com/watch?v=yRxXLMVd2es",
"https://www.youtube.com/watch?v=4tGvfFMu2l4",
"https://www.youtube.com/hashtag/openinapp",
"https://www.youtube.com/watch?v=O6lup3SN4Bw",
"https://www.youtube.com/watch?v=kSwZtKz2lhQ",
"https://www.youtube.com/watch?v=vOo-VyPIiW0",
"https://www.youtube.com/watch?v=-GvsoRszRt4",
"https://www.youtube.com/watch?v=Njo_GPYbTvY",
"https://www.youtube.com/watch?v=iQna6272gGE",
"https://www.youtube.com/watch?v=vr9BFGgP6rg",
"https://www.youtube.com/watch?v=yRxXLMVd2es",
"https://www.youtube.com/watch?v=4tGvfFMu2l4",
"https://www.youtube.com/hashtag/openinapp",
"https://www.youtube.com/watch?v=O6lup3SN4Bw",
"https://www.youtube.com/watch?v=kSwZtKz2lhQ",
"https://www.youtube.com/watch?v=vOo-VyPIiW0",
"https://www.youtube.com/watch?v=-GvsoRszRt4",
"https://www.youtube.com/watch?v=Njo_GPYbTvY",
"https://www.youtube.com/watch?v=iQna6272gGE",
"https://www.youtube.com/watch?v=vr9BFGgP6rg",
"https://www.youtube.com/watch?v=yRxXLMVd2es",
"https://www.youtube.com/watch?v=4tGvfFMu2l4",
"https://www.youtube.com/hashtag/openinapp",
"https://www.youtube.com/watch?v=O6lup3SN4Bw",
"https://www.youtube.com/watch?v=kSwZtKz2lhQ",
"https://www.youtube.com/watch?v=vOo-VyPIiW0",
"https://www.youtube.com/watch?v=-GvsoRszRt4",
"https://www.youtube.com/watch?v=Njo_GPYbTvY",
"https://www.youtube.com/watch?v=iQna6272gGE",
"https://www.youtube.com/watch?v=vr9BFGgP6rg",
"https://www.youtube.com/watch?v=yRxXLMVd2es",
"https://www.youtube.com/watch?v=4tGvfFMu2l4",
"https://www.youtube.com/hashtag/openinapp",
"https://www.youtube.com/watch?v=O6lup3SN4Bw",
"https://www.youtube.com/watch?v=kSwZtKz2lhQ",
"https://www.youtube.com/watch?v=vOo-VyPIiW0",
"https://www.youtube.com/watch?v=-GvsoRszRt4",
"https://www.youtube.com/watch?v=Njo_GPYbTvY",
"https://www.youtube.com/watch?v=iQna6272gGE",
"https://www.youtube.com/watch?v=vr9BFGgP6rg",
"https://www.youtube.com/watch?v=yRxXLMVd2es",
"https://www.youtube.com/watch?v=4tGvfFMu2l4",
"https://www.youtube.com/hashtag/openinapp",
"https://www.youtube.com/watch?v=O6lup3SN4Bw",
"https://www.youtube.com/watch?v=kSwZtKz2lhQ",
"https://www.youtube.com/watch?v=vOo-VyPIiW0",
"https://www.youtube.com/watch?v=-GvsoRszRt4",
"https://www.youtube.com/watch?v=Njo_GPYbTvY",
"https://www.youtube.com/watch?v=iQna6272gGE",
"https://www.youtube.com/watch?v=vr9BFGgP6rg",
"https://www.youtube.com/watch?v=yRxXLMVd2es",
"https://www.youtube.com/watch?v=4tGvfFMu2l4",
"https://www.youtube.com/hashtag/openinapp",
"https://www.youtube.com/watch?v=O6lup3SN4Bw",
"https://www.youtube.com/watch?v=kSwZtKz2lhQ",
"https://www.youtube.com/watch?v=vOo-VyPIiW0",
"https://www.youtube.com/watch?v=-GvsoRszRt4",
"https://www.youtube.com/watch?v=Njo_GPYbTvY",
"https://www.youtube.com/watch?v=iQna6272gGE",
"https://www.youtube.com/watch?v=vr9BFGgP6rg",
"https://www.youtube.com/watch?v=yRxXLMVd2es",
"https://www.youtube.com/watch?v=4tGvfFMu2l4",
"https://www.youtube.com/hashtag/openinapp",
"https://www.youtube.com/watch?v=O6lup3SN4Bw",
"https://www.youtube.com/watch?v=kSwZtKz2lhQ",
"https://www.youtube.com/watch?v=vOo-VyPIiW0",
"https://www.youtube.com/watch?v=-GvsoRszRt4",
"https://www.youtube.com/watch?v=Njo_GPYbTvY",
"https://www.youtube.com/watch?v=iQna6272gGE",
"https://www.youtube.com/watch?v=vr9BFGgP6rg",
"https://www.youtube.com/watch?v=yRxXLMVd2es",
"https://www.youtube.com/watch?v=4tGvfFMu2l4",
"https://www.youtube.com/hashtag/openinapp",
"https://www.youtube.com/watch?v=O6lup3SN4Bw",
"https://www.youtube.com/watch?v=kSwZtKz2lhQ",
"https://www.youtube.com/watch?v=vOo-VyPIiW0",
"https://www.youtube.com/watch?v=-GvsoRszRt4",
"https://www.youtube.com/watch?v=Njo_GPYbTvY",
"https://www.youtube.com/watch?v=iQna6272gGE",
"https://www.youtube.com/watch?v=vr9BFGgP6rg",
"https://www.youtube.com/watch?v=yRxXLMVd2es",
"https://www.youtube.com/watch?v=4tGvfFMu2l4",
"https://www.youtube.com/hashtag/openinapp",
"https://www.youtube.com/watch?v=O6lup3SN4Bw",
"https://www.youtube.com/watch?v=kSwZtKz2lhQ",
"https://www.youtube.com/watch?v=vOo-VyPIiW0",
"https://www.youtube.com/watch?v=-GvsoRszRt4",
"https://www.youtube.com/watch?v=Njo_GPYbTvY",
"https://www.youtube.com/watch?v=iQna6272gGE",
"https://www.youtube.com/watch?v=vr9BFGgP6rg",
"https://www.youtube.com/watch?v=yRxXLMVd2es",
"https://www.youtube.com/watch?v=4tGvfFMu2l4",
"https://www.youtube.com/hashtag/openinapp",
"https://www.youtube.com/watch?v=O6lup3SN4Bw",
"https://www.youtube.com/watch?v=kSwZtKz2lhQ",
"https://www.youtube.com/watch?v=vOo-VyPIiW0",
"https://www.youtube.com/watch?v=-GvsoRszRt4",
"https://www.youtube.com/watch?v=Njo_GPYbTvY",
"https://www.youtube.com/watch?v=iQna6272gGE",
"https://www.youtube.com/watch?v=vr9BFGgP6rg",
"https://www.youtube.com/watch?v=yRxXLMVd2es",
"https://www.youtube.com/watch?v=4tGvfFMu2l4",
"https://www.youtube.com/hashtag/openinapp",
"https://www.youtube.com/watch?v=O6lup3SN4Bw",
"https://www.youtube.com/watch?v=kSwZtKz2lhQ",
"https://www.youtube.com/watch?v=vOo-VyPIiW0",
"https://www.youtube.com/watch?v=-GvsoRszRt4",
"https://www.youtube.com/watch?v=Njo_GPYbTvY",
"https://www.youtube.com/watch?v=iQna6272gGE",
"https://www.youtube.com/watch?v=vr9BFGgP6rg",
"https://www.youtube.com/watch?v=yRxXLMVd2es",
"https://www.youtube.com/watch?v=4tGvfFMu2l4",
"https://www.youtube.com/hashtag/openinapp",
"https://www.youtube.com/watch?v=O6lup3SN4Bw",
"https://www.youtube.com/watch?v=kSwZtKz2lhQ",
"https://www.youtube.com/watch?v=vOo-VyPIiW0",
"https://www.youtube.com/watch?v=-GvsoRszRt4",
"https://www.youtube.com/watch?v=Njo_GPYbTvY",
"https://www.youtube.com/watch?v=iQna6272gGE",
"https://www.youtube.com/watch?v=vr9BFGgP6rg",
"https://www.youtube.com/watch?v=yRxXLMVd2es",
"https://www.youtube.com/watch?v=4tGvfFMu2l4",
"https://www.youtube.com/hashtag/openinapp",
"https://www.youtube.com/watch?v=O6lup3SN4Bw",
"https://www.youtube.com/watch?v=kSwZtKz2lhQ",
"https://www.youtube.com/watch?v=vOo-VyPIiW0",
"https://www.youtube.com/watch?v=-GvsoRszRt4",
"https://www.youtube.com/watch?v=Njo_GPYbTvY",
"https://www.youtube.com/watch?v=iQna6272gGE",
"https://www.youtube.com/watch?v=vr9BFGgP6rg",
"https://www.youtube.com/watch?v=yRxXLMVd2es",
"https://www.youtube.com/watch?v=4tGvfFMu2l4",
"https://www.youtube.com/hashtag/openinapp",
"https://www.youtube.com/watch?v=O6lup3SN4Bw",
"https://www.youtube.com/watch?v=kSwZtKz2lhQ",
"https://www.youtube.com/watch?v=vOo-VyPIiW0",
"https://www.youtube.com/watch?v=-GvsoRszRt4",
"https://www.youtube.com/watch?v=Njo_GPYbTvY",
"https://www.youtube.com/watch?v=iQna6272gGE",
"https://www.youtube.com/watch?v=vr9BFGgP6rg",
"https://www.youtube.com/watch?v=yRxXLMVd2es",
"https://www.youtube.com/watch?v=4tGvfFMu2l4",
"https://www.youtube.com/hashtag/openinapp",
"https://www.youtube.com/watch?v=O6lup3SN4Bw",
"https://www.youtube.com/watch?v=kSwZtKz2lhQ",
"https://www.youtube.com/watch?v=vOo-VyPIiW0",
"https://www.youtube.com/watch?v=-GvsoRszRt4",
"https://www.youtube.com/watch?v=Njo_GPYbTvY",
"https://www.youtube.com/watch?v=iQna6272gGE",
"https://www.youtube.com/watch?v=vr9BFGgP6rg",
"https://www.youtube.com/watch?v=yRxXLMVd2es",
"https://www.youtube.com/watch?v=4tGvfFMu2l4",
"https://www.youtube.com/hashtag/openinapp",
"https://www.youtube.com/watch?v=O6lup3SN4Bw",
"https://www.youtube.com/watch?v=kSwZtKz2lhQ",
"https://www.youtube.com/watch?v=vOo-VyPIiW0",
"https://www.youtube.com/watch?v=-GvsoRszRt4",
"https://www.youtube.com/watch?v=Njo_GPYbTvY",
"https://www.youtube.com/watch?v=iQna6272gGE",
"https://www.youtube.com/watch?v=vr9BFGgP6rg",
"https://www.youtube.com/watch?v=yRxXLMVd2es",
"https://www.youtube.com/watch?v=4tGvfFMu2l4",
"https://www.youtube.com/hashtag/openinapp",
"https://www.youtube.com/watch?v=O6lup3SN4Bw",
"https://www.youtube.com/watch?v=kSwZtKz2lhQ",
"https://www.youtube.com/watch?v=vOo-VyPIiW0",
"https://www.youtube.com/watch?v=-GvsoRszRt4",
"https://www.youtube.com/watch?v=Njo_GPYbTvY",
"https://www.youtube.com/watch?v=iQna6272gGE",
"https://www.youtube.com/watch?v=vr9BFGgP6rg",
"https://www.youtube.com/watch?v=yRxXLMVd2es",
"https://www.youtube.com/watch?v=4tGvfFMu2l4",
"https://www.youtube.com/hashtag/openinapp",
"https://www.youtube.com/watch?v=O6lup3SN4Bw",
"https://www.youtube.com/watch?v=kSwZtKz2lhQ",
"https://www.youtube.com/watch?v=vOo-VyPIiW0",
"https://www.youtube.com/watch?v=-GvsoRszRt4",
"https://www.youtube.com/watch?v=Njo_GPYbTvY",
"https://www.youtube.com/watch?v=iQna6272gGE",
"https://www.youtube.com/watch?v=vr9BFGgP6rg",
"https://www.youtube.com/watch?v=yRxXLMVd2es",
"https://www.youtube.com/watch?v=4tGvfFMu2l4",
"https://www.youtube.com/hashtag/openinapp",
"https://www.youtube.com/watch?v=O6lup3SN4Bw",
"https://www.youtube.com/watch?v=kSwZtKz2lhQ",
"https://www.youtube.com/watch?v=vOo-VyPIiW0",
"https://www.youtube.com/watch?v=-GvsoRszRt4",
"https://www.youtube.com/watch?v=Njo_GPYbTvY",
"https://www.youtube.com/watch?v=iQna6272gGE",
"https://www.youtube.com/watch?v=vr9BFGgP6rg",
"https://www.youtube.com/watch?v=yRxXLMVd2es",
"https://www.youtube.com/watch?v=4tGvfFMu2l4",
"https://www.youtube.com/hashtag/openinapp",
"https://www.youtube.com/watch?v=O6lup3SN4Bw",
"https://www.youtube.com/watch?v=kSwZtKz2lhQ",
"https://www.youtube.com/watch?v=vOo-VyPIiW0",
"https://www.youtube.com/watch?v=-GvsoRszRt4",
"https://www.youtube.com/watch?v=Njo_GPYbTvY",
"https://www.youtube.com/watch?v=iQna6272gGE",
"https://www.youtube.com/watch?v=vr9BFGgP6rg",
"https://www.youtube.com/watch?v=yRxXLMVd2es",
"https://www.youtube.com/watch?v=4tGvfFMu2l4",
"https://www.youtube.com/hashtag/openinapp",
"https://www.youtube.com/watch?v=O6lup3SN4Bw",
"https://www.youtube.com/watch?v=kSwZtKz2lhQ",
"https://www.youtube.com/watch?v=vOo-VyPIiW0",
"https://www.youtube.com/watch?v=-GvsoRszRt4",
"https://www.youtube.com/watch?v=Njo_GPYbTvY",
"https://www.youtube.com/watch?v=iQna6272gGE",
"https://www.youtube.com/watch?v=vr9BFGgP6rg",
"https://www.youtube.com/watch?v=yRxXLMVd2es",
"https://www.youtube.com/watch?v=4tGvfFMu2l4",
"https://www.youtube.com/hashtag/openinapp",
"https://www.youtube.com/watch?v=O6lup3SN4Bw",
"https://www.youtube.com/watch?v=kSwZtKz2lhQ",
"https://www.youtube.com/watch?v=vOo-VyPIiW0",
"https://www.youtube.com/watch?v=-GvsoRszRt4",
"https://www.youtube.com/watch?v=Njo_GPYbTvY",
"https://www.youtube.com/watch?v=iQna6272gGE",
"https://www.youtube.com/watch?v=vr9BFGgP6rg",
"https://www.youtube.com/watch?v=yRxXLMVd2es",
"https://www.youtube.com/watch?v=4tGvfFMu2l4",
"https://www.youtube.com/hashtag/openinapp",
"https://www.youtube.com/watch?v=O6lup3SN4Bw",
"https://www.youtube.com/watch?v=kSwZtKz2lhQ",
"https://www.youtube.com/watch?v=vOo-VyPIiW0",
"https://www.youtube.com/watch?v=-GvsoRszRt4",
"https://www.youtube.com/watch?v=Njo_GPYbTvY",
"https://www.youtube.com/watch?v=iQna6272gGE",
"https://www.youtube.com/watch?v=vr9BFGgP6rg",
"https://www.youtube.com/watch?v=yRxXLMVd2es",
"https://www.youtube.com/watch?v=4tGvfFMu2l4",
"https://www.youtube.com/hashtag/openinapp",
"https://www.youtube.com/watch?v=O6lup3SN4Bw",
"https://www.youtube.com/watch?v=kSwZtKz2lhQ",
"https://www.youtube.com/watch?v=vOo-VyPIiW0",
"https://www.youtube.com/watch?v=-GvsoRszRt4",
"https://www.youtube.com/watch?v=Njo_GPYbTvY",
"https://www.youtube.com/watch?v=iQna6272gGE",
"https://www.youtube.com/watch?v=vr9BFGgP6rg",
"https://www.youtube.com/watch?v=yRxXLMVd2es",
"https://www.youtube.com/watch?v=4tGvfFMu2l4",
"https://www.youtube.com/hashtag/openinapp",
"https://www.youtube.com/watch?v=O6lup3SN4Bw",
"https://www.youtube.com/watch?v=kSwZtKz2lhQ",
"https://www.youtube.com/watch?v=vOo-VyPIiW0",
"https://www.youtube.com/watch?v=-GvsoRszRt4",
"https://www.youtube.com/watch?v=Njo_GPYbTvY",
"https://www.youtube.com/watch?v=iQna6272gGE",
"https://www.youtube.com/watch?v=vr9BFGgP6rg",
"https://www.youtube.com/watch?v=yRxXLMVd2es",
"https://www.youtube.com/watch?v=4tGvfFMu2l4",
"https://www.youtube.com/hashtag/openinapp",
"https://www.youtube.com/watch?v=O6lup3SN4Bw",
"https://www.youtube.com/watch?v=kSwZtKz2lhQ",
"https://www.youtube.com/watch?v=vOo-VyPIiW0",
"https://www.youtube.com/watch?v=-GvsoRszRt4",
"https://www.youtube.com/watch?v=Njo_GPYbTvY",
"https://www.youtube.com/watch?v=iQna6272gGE",
"https://www.youtube.com/watch?v=vr9BFGgP6rg",
"https://www.youtube.com/watch?v=yRxXLMVd2es",
"https://www.youtube.com/watch?v=4tGvfFMu2l4",
"https://www.youtube.com/hashtag/openinapp",
"https://www.youtube.com/watch?v=O6lup3SN4Bw",
"https://www.youtube.com/watch?v=kSwZtKz2lhQ",
"https://www.youtube.com/watch?v=vOo-VyPIiW0",
"https://www.youtube.com/watch?v=-GvsoRszRt4",
"https://www.youtube.com/watch?v=Njo_GPYbTvY",
"https://www.youtube.com/watch?v=iQna6272gGE",
"https://www.youtube.com/watch?v=vr9BFGgP6rg",
"https://www.youtube.com/watch?v=yRxXLMVd2es",
"https://www.youtube.com/watch?v=4tGvfFMu2l4",
"https://www.youtube.com/hashtag/openinapp",
"https://www.youtube.com/watch?v=O6lup3SN4Bw",
"https://www.youtube.com/watch?v=kSwZtKz2lhQ",
"https://www.youtube.com/watch?v=vOo-VyPIiW0",
"https://www.youtube.com/watch?v=-GvsoRszRt4",
"https://www.youtube.com/watch?v=Njo_GPYbTvY",
"https://www.youtube.com/watch?v=iQna6272gGE",
"https://www.youtube.com/watch?v=vr9BFGgP6rg",
"https://www.youtube.com/watch?v=yRxXLMVd2es",
"https://www.youtube.com/watch?v=4tGvfFMu2l4",
"https://www.youtube.com/hashtag/openinapp",
"https://www.youtube.com/watch?v=O6lup3SN4Bw",
"https://www.youtube.com/watch?v=kSwZtKz2lhQ",
"https://www.youtube.com/watch?v=vOo-VyPIiW0",
"https://www.youtube.com/watch?v=-GvsoRszRt4",
"https://www.youtube.com/watch?v=Njo_GPYbTvY",
"https://www.youtube.com/watch?v=iQna6272gGE",
"https://www.youtube.com/watch?v=vr9BFGgP6rg",
"https://www.youtube.com/watch?v=yRxXLMVd2es",
"https://www.youtube.com/watch?v=4tGvfFMu2l4",
"https://www.youtube.com/hashtag/openinapp",
"https://www.youtube.com/watch?v=O6lup3SN4Bw",
"https://www.youtube.com/watch?v=kSwZtKz2lhQ",
"https://www.youtube.com/watch?v=vOo-VyPIiW0",
"https://www.youtube.com/watch?v=-GvsoRszRt4",
"https://www.youtube.com/watch?v=Njo_GPYbTvY",
"https://www.youtube.com/watch?v=iQna6272gGE",
"https://www.youtube.com/watch?v=vr9BFGgP6rg",
"https://www.youtube.com/watch?v=yRxXLMVd2es",
"https://www.youtube.com/watch?v=4tGvfFMu2l4",
"https://www.youtube.com/hashtag/openinapp",
"https://www.youtube.com/watch?v=O6lup3SN4Bw",
"https://www.youtube.com/watch?v=kSwZtKz2lhQ",
"https://www.youtube.com/watch?v=vOo-VyPIiW0",
"https://www.youtube.com/watch?v=-GvsoRszRt4",
"https://www.youtube.com/watch?v=Njo_GPYbTvY",
"https://www.youtube.com/watch?v=iQna6272gGE",
"https://www.youtube.com/watch?v=vr9BFGgP6rg",
"https://www.youtube.com/watch?v=yRxXLMVd2es",
"https://www.youtube.com/watch?v=4tGvfFMu2l4",
"https://www.youtube.com/hashtag/openinapp",
"https://www.youtube.com/watch?v=O6lup3SN4Bw",
"https://www.youtube.com/watch?v=kSwZtKz2lhQ",
"https://www.youtube.com/watch?v=vOo-VyPIiW0",
"https://www.youtube.com/watch?v=-GvsoRszRt4",
"https://www.youtube.com/watch?v=Njo_GPYbTvY",
"https://www.youtube.com/watch?v=iQna6272gGE",
"https://www.youtube.com/watch?v=vr9BFGgP6rg",
"https://www.youtube.com/watch?v=yRxXLMVd2es",
"https://www.youtube.com/watch?v=4tGvfFMu2l4",
"https://www.youtube.com/hashtag/openinapp",
"https://www.youtube.com/watch?v=O6lup3SN4Bw",
"https://www.youtube.com/watch?v=kSwZtKz2lhQ",
"https://www.youtube.com/watch?v=vOo-VyPIiW0",
"https://www.youtube.com/watch?v=-GvsoRszRt4",
"https://www.youtube.com/watch?v=Njo_GPYbTvY",
"https://www.youtube.com/watch?v=iQna6272gGE",
"https://www.youtube.com/watch?v=vr9BFGgP6rg",
"https://www.youtube.com/watch?v=yRxXLMVd2es",
"https://www.youtube.com/watch?v=4tGvfFMu2l4",
"https://www.youtube.com/hashtag/openinapp",
"https://www.youtube.com/watch?v=O6lup3SN4Bw",
"https://www.youtube.com/watch?v=kSwZtKz2lhQ",
"https://www.youtube.com/watch?v=vOo-VyPIiW0",
"https://www.youtube.com/watch?v=-GvsoRszRt4",
"https://www.youtube.com/watch?v=Njo_GPYbTvY",
"https://www.youtube.com/watch?v=iQna6272gGE",
"https://www.youtube.com/watch?v=vr9BFGgP6rg",
"https://www.youtube.com/watch?v=yRxXLMVd2es",
"https://www.youtube.com/watch?v=4tGvfFMu2l4",
"https://www.youtube.com/hashtag/openinapp",
"https://www.youtube.com/watch?v=O6lup3SN4Bw",
"https://www.youtube.com/watch?v=kSwZtKz2lhQ",
"https://www.youtube.com/watch?v=vOo-VyPIiW0",
"https://www.youtube.com/watch?v=-GvsoRszRt4",
"https://www.youtube.com/watch?v=Njo_GPYbTvY",
"https://www.youtube.com/watch?v=iQna6272gGE",
"https://www.youtube.com/watch?v=vr9BFGgP6rg",
"https://www.youtube.com/watch?v=yRxXLMVd2es",
"https://www.youtube.com/watch?v=4tGvfFMu2l4",
"https://www.youtube.com/hashtag/openinapp",
"https://www.youtube.com/watch?v=O6lup3SN4Bw",
"https://www.youtube.com/watch?v=kSwZtKz2lhQ",
"https://www.youtube.com/watch?v=vOo-VyPIiW0",
"https://www.youtube.com/watch?v=-GvsoRszRt4",
"https://www.youtube.com/watch?v=Njo_GPYbTvY",
"https://www.youtube.com/watch?v=iQna6272gGE",
"https://www.youtube.com/watch?v=vr9BFGgP6rg",
"https://www.youtube.com/watch?v=yRxXLMVd2es",
"https://www.youtube.com/watch?v=4tGvfFMu2l4",
"https://www.youtube.com/hashtag/openinapp",
"https://www.youtube.com/watch?v=O6lup3SN4Bw",
"https://www.youtube.com/watch?v=kSwZtKz2lhQ",
"https://www.youtube.com/watch?v=vOo-VyPIiW0",
"https://www.youtube.com/watch?v=-GvsoRszRt4",
"https://www.youtube.com/watch?v=Njo_GPYbTvY",
"https://www.youtube.com/watch?v=iQna6272gGE",
"https://www.youtube.com/watch?v=vr9BFGgP6rg",
"https://www.youtube.com/watch?v=yRxXLMVd2es",
"https://www.youtube.com/watch?v=4tGvfFMu2l4",
"https://www.youtube.com/hashtag/openinapp",
"https://www.youtube.com/watch?v=O6lup3SN4Bw",
"https://www.youtube.com/watch?v=kSwZtKz2lhQ",
"https://www.youtube.com/watch?v=vOo-VyPIiW0",
"https://www.youtube.com/watch?v=-GvsoRszRt4",
"https://www.youtube.com/watch?v=Njo_GPYbTvY",
"https://www.youtube.com/watch?v=iQna6272gGE",
"https://www.youtube.com/watch?v=vr9BFGgP6rg",
"https://www.youtube.com/watch?v=yRxXLMVd2es",
"https://www.youtube.com/watch?v=4tGvfFMu2l4",
"https://www.youtube.com/hashtag/openinapp",
"https://www.youtube.com/watch?v=O6lup3SN4Bw",
"https://www.youtube.com/watch?v=kSwZtKz2lhQ",
"https://www.youtube.com/watch?v=vOo-VyPIiW0",
"https://www.youtube.com/watch?v=-GvsoRszRt4",
"https://www.youtube.com/watch?v=Njo_GPYbTvY",
"https://www.youtube.com/watch?v=iQna6272gGE",
"https://www.youtube.com/watch?v=vr9BFGgP6rg",
"https://www.youtube.com/watch?v=yRxXLMVd2es",
"https://www.youtube.com/watch?v=4tGvfFMu2l4",
"https://www.youtube.com/hashtag/openinapp",
"https://www.youtube.com/watch?v=O6lup3SN4Bw",
"https://www.youtube.com/watch?v=kSwZtKz2lhQ",
"https://www.youtube.com/watch?v=vOo-VyPIiW0",
"https://www.youtube.com/watch?v=-GvsoRszRt4",
"https://www.youtube.com/watch?v=Njo_GPYbTvY",
"https://www.youtube.com/watch?v=iQna6272gGE",
"https://www.youtube.com/watch?v=vr9BFGgP6rg",
"https://www.youtube.com/watch?v=yRxXLMVd2es",
"https://www.youtube.com/watch?v=4tGvfFMu2l4",
"https://www.youtube.com/hashtag/openinapp",
"https://www.youtube.com/watch?v=O6lup3SN4Bw",
"https://www.youtube.com/watch?v=kSwZtKz2lhQ",
"https://www.youtube.com/watch?v=vOo-VyPIiW0",
"https://www.youtube.com/watch?v=-GvsoRszRt4",
"https://www.youtube.com/watch?v=Njo_GPYbTvY",
"https://www.youtube.com/watch?v=iQna6272gGE",
"https://www.youtube.com/watch?v=vr9BFGgP6rg",
"https://www.youtube.com/watch?v=yRxXLMVd2es",
"https://www.youtube.com/watch?v=4tGvfFMu2l4",
"https://www.youtube.com/hashtag/openinapp",
"https://www.youtube.com/watch?v=O6lup3SN4Bw",
"https://www.youtube.com/watch?v=kSwZtKz2lhQ",
"https://www.youtube.com/watch?v=vOo-VyPIiW0",
"https://www.youtube.com/watch?v=-GvsoRszRt4",
"https://www.youtube.com/watch?v=Njo_GPYbTvY",
"https://www.youtube.com/watch?v=iQna6272gGE",
"https://www.youtube.com/watch?v=vr9BFGgP6rg",
"https://www.youtube.com/watch?v=yRxXLMVd2es",
"https://www.youtube.com/watch?v=4tGvfFMu2l4",
"https://www.youtube.com/hashtag/openinapp",
"https://www.youtube.com/watch?v=O6lup3SN4Bw",
"https://www.youtube.com/watch?v=kSwZtKz2lhQ",
"https://www.youtube.com/watch?v=vOo-VyPIiW0",
"https://www.youtube.com/watch?v=-GvsoRszRt4",
"https://www.youtube.com/watch?v=Njo_GPYbTvY",
"https://www.youtube.com/watch?v=iQna6272gGE",
"https://www.youtube.com/watch?v=vr9BFGgP6rg",
"https://www.youtube.com/watch?v=yRxXLMVd2es",
"https://www.youtube.com/watch?v=4tGvfFMu2l4",
"https://www.youtube.com/hashtag/openinapp",
"https://www.youtube.com/watch?v=O6lup3SN4Bw",
"https://www.youtube.com/watch?v=kSwZtKz2lhQ",
"https://www.youtube.com/watch?v=vOo-VyPIiW0",
"https://www.youtube.com/watch?v=-GvsoRszRt4",
"https://www.youtube.com/watch?v=Njo_GPYbTvY",
"https://www.youtube.com/watch?v=iQna6272gGE",
"https://www.youtube.com/watch?v=vr9BFGgP6rg",
"https://www.youtube.com/watch?v=yRxXLMVd2es",
"https://www.youtube.com/watch?v=4tGvfFMu2l4",
"https://www.youtube.com/hashtag/openinapp",
"https://www.youtube.com/watch?v=O6lup3SN4Bw",
"https://www.youtube.com/watch?v=kSwZtKz2lhQ",
"https://www.youtube.com/watch?v=vOo-VyPIiW0",
"https://www.youtube.com/watch?v=-GvsoRszRt4",
"https://www.youtube.com/watch?v=Njo_GPYbTvY",
"https://www.youtube.com/watch?v=iQna6272gGE",
"https://www.youtube.com/watch?v=vr9BFGgP6rg",
"https://www.youtube.com/watch?v=yRxXLMVd2es",
"https://www.youtube.com/watch?v=4tGvfFMu2l4",
"https://www.youtube.com/hashtag/openinapp",
"https://www.youtube.com/watch?v=O6lup3SN4Bw",
"https://www.youtube.com/watch?v=kSwZtKz2lhQ",
"https://www.youtube.com/watch?v=vOo-VyPIiW0",
"https://www.youtube.com/watch?v=-GvsoRszRt4",
"https://www.youtube.com/watch?v=Njo_GPYbTvY",
"https://www.youtube.com/watch?v=iQna6272gGE",
"https://www.youtube.com/watch?v=vr9BFGgP6rg",
"https://www.youtube.com/watch?v=yRxXLMVd2es",
"https://www.youtube.com/watch?v=4tGvfFMu2l4",
"https://www.youtube.com/hashtag/openinapp",
"https://www.youtube.com/watch?v=O6lup3SN4Bw",
"https://www.youtube.com/watch?v=kSwZtKz2lhQ",
"https://www.youtube.com/watch?v=vOo-VyPIiW0",
"https://www.youtube.com/watch?v=-GvsoRszRt4",
"https://www.youtube.com/watch?v=Njo_GPYbTvY",
"https://www.youtube.com/watch?v=iQna6272gGE",
"https://www.youtube.com/watch?v=vr9BFGgP6rg",
"https://www.youtube.com/watch?v=yRxXLMVd2es",
"https://www.youtube.com/watch?v=4tGvfFMu2l4",
"https://www.youtube.com/hashtag/openinapp",
"https://www.youtube.com/watch?v=O6lup3SN4Bw",
"https://www.youtube.com/watch?v=kSwZtKz2lhQ",
"https://www.youtube.com/watch?v=vOo-VyPIiW0",
"https://www.youtube.com/watch?v=-GvsoRszRt4",
"https://www.youtube.com/watch?v=Njo_GPYbTvY",
"https://www.youtube.com/watch?v=iQna6272gGE",
"https://www.youtube.com/watch?v=vr9BFGgP6rg",
"https://www.youtube.com/watch?v=yRxXLMVd2es",
"https://www.youtube.com/watch?v=4tGvfFMu2l4",
"https://www.youtube.com/hashtag/openinapp",
"https://www.youtube.com/watch?v=O6lup3SN4Bw",
"https://www.youtube.com/watch?v=kSwZtKz2lhQ",
"https://www.youtube.com/watch?v=vOo-VyPIiW0",
"https://www.youtube.com/watch?v=-GvsoRszRt4",
"https://www.youtube.com/watch?v=Njo_GPYbTvY",
"https://www.youtube.com/watch?v=iQna6272gGE",
"https://www.youtube.com/watch?v=vr9BFGgP6rg",
"https://www.youtube.com/watch?v=yRxXLMVd2es",
"https://www.youtube.com/watch?v=4tGvfFMu2l4",
"https://www.youtube.com/hashtag/openinapp",
"https://www.youtube.com/watch?v=O6lup3SN4Bw",
"https://www.youtube.com/watch?v=kSwZtKz2lhQ",
"https://www.youtube.com/watch?v=vOo-VyPIiW0",
"https://www.youtube.com/watch?v=-GvsoRszRt4",
"https://www.youtube.com/watch?v=Njo_GPYbTvY",
"https://www.youtube.com/watch?v=iQna6272gGE",
"https://www.youtube.com/watch?v=vr9BFGgP6rg",
"https://www.youtube.com/watch?v=yRxXLMVd2es",
"https://www.youtube.com/watch?v=4tGvfFMu2l4",
"https://www.youtube.com/hashtag/openinapp",
"https://www.youtube.com/watch?v=O6lup3SN4Bw",
"https://www.youtube.com/watch?v=kSwZtKz2lhQ",
"https://www.youtube.com/watch?v=vOo-VyPIiW0",
"https://www.youtube.com/watch?v=-GvsoRszRt4",
"https://www.youtube.com/watch?v=Njo_GPYbTvY",
"https://www.youtube.com/watch?v=iQna6272gGE",
"https://www.youtube.com/watch?v=vr9BFGgP6rg",
"https://www.youtube.com/watch?v=yRxXLMVd2es",
"https://www.youtube.com/watch?v=4tGvfFMu2l4",
"https://www.youtube.com/hashtag/openinapp",
"https://www.youtube.com/watch?v=O6lup3SN4Bw",
"https://www.youtube.com/watch?v=kSwZtKz2lhQ",
"https://www.youtube.com/watch?v=vOo-VyPIiW0",
"https://www.youtube.com/watch?v=-GvsoRszRt4",
"https://www.youtube.com/watch?v=Njo_GPYbTvY",
"https://www.youtube.com/watch?v=iQna6272gGE",
"https://www.youtube.com/watch?v=vr9BFGgP6rg",
"https://www.youtube.com/watch?v=yRxXLMVd2es",
"https://www.youtube.com/watch?v=4tGvfFMu2l4",
"https://www.youtube.com/hashtag/openinapp",
"https://www.youtube.com/watch?v=O6lup3SN4Bw",
"https://www.youtube.com/watch?v=kSwZtKz2lhQ",
"https://www.youtube.com/watch?v=vOo-VyPIiW0",
"https://www.youtube.com/watch?v=-GvsoRszRt4",
"https://www.youtube.com/watch?v=Njo_GPYbTvY",
"https://www.youtube.com/watch?v=iQna6272gGE",
"https://www.youtube.com/watch?v=vr9BFGgP6rg",
"https://www.youtube.com/watch?v=yRxXLMVd2es",
"https://www.youtube.com/watch?v=4tGvfFMu2l4",
"https://www.youtube.com/hashtag/openinapp",
"https://www.youtube.com/watch?v=O6lup3SN4Bw",
"https://www.youtube.com/watch?v=kSwZtKz2lhQ",
"https://www.youtube.com/watch?v=vOo-VyPIiW0",
"https://www.youtube.com/watch?v=-GvsoRszRt4",
"https://www.youtube.com/watch?v=Njo_GPYbTvY",
"https://www.youtube.com/watch?v=iQna6272gGE",
"https://www.youtube.com/watch?v=vr9BFGgP6rg",
"https://www.youtube.com/watch?v=yRxXLMVd2es",
"https://www.youtube.com/watch?v=4tGvfFMu2l4",
"https://www.youtube.com/hashtag/openinapp",
"https://www.youtube.com/watch?v=O6lup3SN4Bw",
"https://www.youtube.com/watch?v=kSwZtKz2lhQ",
"https://www.youtube.com/watch?v=vOo-VyPIiW0",
"https://www.youtube.com/watch?v=-GvsoRszRt4",
"https://www.youtube.com/watch?v=Njo_GPYbTvY",
"https://www.youtube.com/watch?v=iQna6272gGE",
"https://www.youtube.com/watch?v=vr9BFGgP6rg",
"https://www.youtube.com/watch?v=yRxXLMVd2es",
"https://www.youtube.com/watch?v=4tGvfFMu2l4",
"https://www.youtube.com/hashtag/openinapp",
"https://www.youtube.com/watch?v=O6lup3SN4Bw",
"https://www.youtube.com/watch?v=kSwZtKz2lhQ",
"https://www.youtube.com/watch?v=vOo-VyPIiW0",
"https://www.youtube.com/watch?v=-GvsoRszRt4",
"https://www.youtube.com/watch?v=Njo_GPYbTvY",
"https://www.youtube.com/watch?v=iQna6272gGE",
"https://www.youtube.com/watch?v=vr9BFGgP6rg",
"https://www.youtube.com/watch?v=yRxXLMVd2es",
"https://www.youtube.com/watch?v=4tGvfFMu2l4",
"https://www.youtube.com/hashtag/openinapp",
"https://www.youtube.com/watch?v=O6lup3SN4Bw",
"https://www.youtube.com/watch?v=kSwZtKz2lhQ",
"https://www.youtube.com/watch?v=vOo-VyPIiW0",
"https://www.youtube.com/watch?v=-GvsoRszRt4",
"https://www.youtube.com/watch?v=Njo_GPYbTvY",
"https://www.youtube.com/watch?v=iQna6272gGE",
"https://www.youtube.com/watch?v=vr9BFGgP6rg",
"https://www.youtube.com/watch?v=yRxXLMVd2es",
"https://www.youtube.com/watch?v=4tGvfFMu2l4",
"https://www.youtube.com/hashtag/openinapp",
"https://www.youtube.com/watch?v=O6lup3SN4Bw",
"https://www.youtube.com/watch?v=kSwZtKz2lhQ",
"https://www.youtube.com/watch?v=vOo-VyPIiW0",
"https://www.youtube.com/watch?v=-GvsoRszRt4",
"https://www.youtube.com/watch?v=Njo_GPYbTvY",
"https://www.youtube.com/watch?v=iQna6272gGE",
"https://www.youtube.com/watch?v=vr9BFGgP6rg",
"https://www.youtube.com/watch?v=yRxXLMVd2es",
"https://www.youtube.com/watch?v=4tGvfFMu2l4",
"https://www.youtube.com/hashtag/openinapp",
"https://www.youtube.com/watch?v=O6lup3SN4Bw",
"https://www.youtube.com/watch?v=kSwZtKz2lhQ",
"https://www.youtube.com/watch?v=vOo-VyPIiW0",
"https://www.youtube.com/watch?v=-GvsoRszRt4",
"https://www.youtube.com/watch?v=Njo_GPYbTvY",
"https://www.youtube.com/watch?v=iQna6272gGE",
"https://www.youtube.com/watch?v=vr9BFGgP6rg",
"https://www.youtube.com/watch?v=yRxXLMVd2es",
"https://www.youtube.com/watch?v=4tGvfFMu2l4",
"https://www.youtube.com/hashtag/openinapp",
"https://www.youtube.com/watch?v=O6lup3SN4Bw",
"https://www.youtube.com/watch?v=kSwZtKz2lhQ",
"https://www.youtube.com/watch?v=vOo-VyPIiW0",
"https://www.youtube.com/watch?v=-GvsoRszRt4",
"https://www.youtube.com/watch?v=Njo_GPYbTvY",
"https://www.youtube.com/watch?v=iQna6272gGE",
"https://www.youtube.com/watch?v=vr9BFGgP6rg",
"https://www.youtube.com/watch?v=yRxXLMVd2es",
"https://www.youtube.com/watch?v=4tGvfFMu2l4",
"https://www.youtube.com/hashtag/openinapp",
"https://www.youtube.com/watch?v=O6lup3SN4Bw",
"https://www.youtube.com/watch?v=kSwZtKz2lhQ",
"https://www.youtube.com/watch?v=vOo-VyPIiW0",
"https://www.youtube.com/watch?v=-GvsoRszRt4",
"https://www.youtube.com/watch?v=Njo_GPYbTvY",
"https://www.youtube.com/watch?v=iQna6272gGE",
"https://www.youtube.com/watch?v=vr9BFGgP6rg",
"https://www.youtube.com/watch?v=yRxXLMVd2es",
"https://www.youtube.com/watch?v=4tGvfFMu2l4",
"https://www.youtube.com/hashtag/openinapp",
"https://www.youtube.com/watch?v=O6lup3SN4Bw",
"https://www.youtube.com/watch?v=kSwZtKz2lhQ",
"https://www.youtube.com/watch?v=vOo-VyPIiW0",
"https://www.youtube.com/watch?v=-GvsoRszRt4",
"https://www.youtube.com/watch?v=Njo_GPYbTvY",
"https://www.youtube.com/watch?v=iQna6272gGE",
"https://www.youtube.com/watch?v=vr9BFGgP6rg",
"https://www.youtube.com/watch?v=yRxXLMVd2es",
"https://www.youtube.com/watch?v=4tGvfFMu2l4",
"https://www.youtube.com/hashtag/openinapp",
"https://www.youtube.com/watch?v=O6lup3SN4Bw",
"https://www.youtube.com/watch?v=kSwZtKz2lhQ",
"https://www.youtube.com/watch?v=vOo-VyPIiW0",
"https://www.youtube.com/watch?v=-GvsoRszRt4",
"https://www.youtube.com/watch?v=Njo_GPYbTvY",
"https://www.youtube.com/watch?v=iQna6272gGE",
"https://www.youtube.com/watch?v=vr9BFGgP6rg",
"https://www.youtube.com/watch?v=yRxXLMVd2es",
"https://www.youtube.com/watch?v=4tGvfFMu2l4",
"https://www.youtube.com/hashtag/openinapp",
"https://www.youtube.com/watch?v=O6lup3SN4Bw",
"https://www.youtube.com/watch?v=kSwZtKz2lhQ",
"https://www.youtube.com/watch?v=vOo-VyPIiW0",
"https://www.youtube.com/watch?v=-GvsoRszRt4",
"https://www.youtube.com/watch?v=Njo_GPYbTvY",
"https://www.youtube.com/watch?v=iQna6272gGE",
"https://www.youtube.com/watch?v=vr9BFGgP6rg",
"https://www.youtube.com/watch?v=yRxXLMVd2es",
"https://www.youtube.com/watch?v=4tGvfFMu2l4",
"https://www.youtube.com/hashtag/openinapp",
"https://www.youtube.com/watch?v=O6lup3SN4Bw",
"https://www.youtube.com/watch?v=kSwZtKz2lhQ",
"https://www.youtube.com/watch?v=vOo-VyPIiW0",
"https://www.youtube.com/watch?v=-GvsoRszRt4",
"https://www.youtube.com/watch?v=Njo_GPYbTvY",
"https://www.youtube.com/watch?v=iQna6272gGE",
"https://www.youtube.com/watch?v=vr9BFGgP6rg",
"https://www.youtube.com/watch?v=yRxXLMVd2es",
"https://www.youtube.com/watch?v=4tGvfFMu2l4",
"https://www.youtube.com/hashtag/openinapp",
"https://www.youtube.com/watch?v=O6lup3SN4Bw",
"https://www.youtube.com/watch?v=kSwZtKz2lhQ",
"https://www.youtube.com/watch?v=vOo-VyPIiW0",
"https://www.youtube.com/watch?v=-GvsoRszRt4",
"https://www.youtube.com/watch?v=Njo_GPYbTvY",
"https://www.youtube.com/watch?v=iQna6272gGE",
"https://www.youtube.com/watch?v=vr9BFGgP6rg",
"https://www.youtube.com/watch?v=yRxXLMVd2es",
"https://www.youtube.com/watch?v=4tGvfFMu2l4",
"https://www.youtube.com/hashtag/openinapp",
"https://www.youtube.com/watch?v=O6lup3SN4Bw",
"https://www.youtube.com/watch?v=kSwZtKz2lhQ",
"https://www.youtube.com/watch?v=vOo-VyPIiW0",
"https://www.youtube.com/watch?v=-GvsoRszRt4",
"https://www.youtube.com/watch?v=Njo_GPYbTvY",
"https://www.youtube.com/watch?v=iQna6272gGE",
"https://www.youtube.com/watch?v=vr9BFGgP6rg",
"https://www.youtube.com/watch?v=yRxXLMVd2es",
"https://www.youtube.com/watch?v=4tGvfFMu2l4",
"https://www.youtube.com/hashtag/openinapp",
"https://www.youtube.com/watch?v=O6lup3SN4Bw",
"https://www.youtube.com/watch?v=kSwZtKz2lhQ",
"https://www.youtube.com/watch?v=vOo-VyPIiW0",
"https://www.youtube.com/watch?v=-GvsoRszRt4",
"https://www.youtube.com/watch?v=Njo_GPYbTvY",
"https://www.youtube.com/watch?v=iQna6272gGE",
"https://www.youtube.com/watch?v=vr9BFGgP6rg",
"https://www.youtube.com/watch?v=yRxXLMVd2es",
"https://www.youtube.com/watch?v=4tGvfFMu2l4",
"https://www.youtube.com/hashtag/openinapp",
"https://www.youtube.com/watch?v=O6lup3SN4Bw",
"https://www.youtube.com/watch?v=kSwZtKz2lhQ",
"https://www.youtube.com/watch?v=vOo-VyPIiW0",
"https://www.youtube.com/watch?v=-GvsoRszRt4",
"https://www.youtube.com/watch?v=Njo_GPYbTvY",
"https://www.youtube.com/watch?v=iQna6272gGE",
"https://www.youtube.com/watch?v=vr9BFGgP6rg",
"https://www.youtube.com/watch?v=yRxXLMVd2es",
"https://www.youtube.com/watch?v=4tGvfFMu2l4",
"https://www.youtube.com/hashtag/openinapp",
"https://www.youtube.com/watch?v=O6lup3SN4Bw",
"https://www.youtube.com/watch?v=kSwZtKz2lhQ",
"https://www.youtube.com/watch?v=vOo-VyPIiW0",
"https://www.youtube.com/watch?v=-GvsoRszRt4",
"https://www.youtube.com/watch?v=Njo_GPYbTvY",
"https://www.youtube.com/watch?v=iQna6272gGE",
"https://www.youtube.com/watch?v=vr9BFGgP6rg",
"https://www.youtube.com/watch?v=yRxXLMVd2es",
"https://www.youtube.com/watch?v=4tGvfFMu2l4",
"https://www.youtube.com/hashtag/openinapp",
"https://www.youtube.com/watch?v=O6lup3SN4Bw",
"https://www.youtube.com/watch?v=kSwZtKz2lhQ",
"https://www.youtube.com/watch?v=vOo-VyPIiW0",
"https://www.youtube.com/watch?v=-GvsoRszRt4",
"https://www.youtube.com/watch?v=Njo_GPYbTvY",
"https://www.youtube.com/watch?v=iQna6272gGE",
"https://www.youtube.com/watch?v=vr9BFGgP6rg",
"https://www.youtube.com/watch?v=yRxXLMVd2es",
"https://www.youtube.com/watch?v=4tGvfFMu2l4",
"https://www.youtube.com/hashtag/openinapp",
"https://www.youtube.com/watch?v=O6lup3SN4Bw",
"https://www.youtube.com/watch?v=kSwZtKz2lhQ",
"https://www.youtube.com/watch?v=vOo-VyPIiW0",
"https://www.youtube.com/watch?v=-GvsoRszRt4",
"https://www.youtube.com/watch?v=Njo_GPYbTvY",
"https://www.youtube.com/watch?v=iQna6272gGE",
"https://www.youtube.com/watch?v=vr9BFGgP6rg",
"https://www.youtube.com/watch?v=yRxXLMVd2es",
"https://www.youtube.com/watch?v=4tGvfFMu2l4",
"https://www.youtube.com/hashtag/openinapp",
"https://www.youtube.com/watch?v=O6lup3SN4Bw",
"https://www.youtube.com/watch?v=kSwZtKz2lhQ",
"https://www.youtube.com/watch?v=vOo-VyPIiW0",
"https://www.youtube.com/watch?v=-GvsoRszRt4",
"https://www.youtube.com/watch?v=Njo_GPYbTvY",
"https://www.youtube.com/watch?v=iQna6272gGE",
"https://www.youtube.com/watch?v=vr9BFGgP6rg",
"https://www.youtube.com/watch?v=yRxXLMVd2es",
"https://www.youtube.com/watch?v=4tGvfFMu2l4",
"https://www.youtube.com/hashtag/openinapp",
"https://www.youtube.com/watch?v=O6lup3SN4Bw",
"https://www.youtube.com/watch?v=kSwZtKz2lhQ",
"https://www.youtube.com/watch?v=vOo-VyPIiW0",
"https://www.youtube.com/watch?v=-GvsoRszRt4",
"https://www.youtube.com/watch?v=Njo_GPYbTvY",
"https://www.youtube.com/watch?v=iQna6272gGE",
"https://www.youtube.com/watch?v=vr9BFGgP6rg",
"https://www.youtube.com/watch?v=yRxXLMVd2es",
"https://www.youtube.com/watch?v=4tGvfFMu2l4",
"https://www.youtube.com/hashtag/openinapp",
"https://www.youtube.com/watch?v=O6lup3SN4Bw",
"https://www.youtube.com/watch?v=kSwZtKz2lhQ",
"https://www.youtube.com/watch?v=vOo-VyPIiW0",
"https://www.youtube.com/watch?v=-GvsoRszRt4",
"https://www.youtube.com/watch?v=Njo_GPYbTvY",
"https://www.youtube.com/watch?v=iQna6272gGE",
"https://www.youtube.com/watch?v=vr9BFGgP6rg",
"https://www.youtube.com/watch?v=yRxXLMVd2es",
"https://www.youtube.com/watch?v=4tGvfFMu2l4",
"https://www.youtube.com/hashtag/openinapp",
"https://www.youtube.com/watch?v=O6lup3SN4Bw",
"https://www.youtube.com/watch?v=kSwZtKz2lhQ",
"https://www.youtube.com/watch?v=vOo-VyPIiW0",
"https://www.youtube.com/watch?v=-GvsoRszRt4",
"https://www.youtube.com/watch?v=Njo_GPYbTvY",
"https://www.youtube.com/watch?v=iQna6272gGE",
"https://www.youtube.com/watch?v=vr9BFGgP6rg",
"https://www.youtube.com/watch?v=yRxXLMVd2es",
"https://www.youtube.com/watch?v=4tGvfFMu2l4",
"https://www.youtube.com/hashtag/openinapp"